status,medium,description,payer_id,payee_id,amount,purchase_date,merchant_id,_id,type
executed,balance,Car repair,58a914541756fc834d90559c,57cf75cea73e494d8675ec49,66.49,2017-01-22,57cf75cea73e494d8675ec49,58a943c71756fc834d90569c,merchant
executed,balance,Tanning,58a914541756fc834d90559c,57cf75cea73e494d8675ec49,39.31,2016-12-28,57cf75cea73e494d8675ec49,58a943c71756fc834d90569d,merchant
executed,balance,Mortgage,58a914541756fc834d90559c,57cf75cea73e494d8675ec49,304.33,2016-12-24,57cf75cea73e494d8675ec49,58a943c81756fc834d90569e,merchant
executed,balance,Shirts,58a914541756fc834d90559c,57cf75cea73e494d8675ec49,10.1,2016-12-13,57cf75cea73e494d8675ec49,58a943c81756fc834d90569f,merchant
executed,balance,Videogames,58a914541756fc834d90559c,57cf75cea73e494d8675ec49,44.12,2017-01-04,57cf75cea73e494d8675ec49,58a943c81756fc834d9056a0,merchant
executed,balance,Car repair,58a914541756fc834d90559c,57cf75cea73e494d8675ec49,73.26,2017-01-28,57cf75cea73e494d8675ec49,58a943c81756fc834d9056a1,merchant
executed,balance,Fast food,58a914541756fc834d90559c,57cf75cea73e494d8675ec49,7.06,2016-11-08,57cf75cea73e494d8675ec49,58a943c81756fc834d9056a2,merchant
executed,balance,Tanning,58a914541756fc834d90559c,57cf75cea73e494d8675ec49,31.84,2016-12-11,57cf75cea73e494d8675ec49,58a943c81756fc834d9056a3,merchant
executed,balance,Goldfish,58a914541756fc834d90559c,57cf75cea73e494d8675ec49,2.63,2017-01-30,57cf75cea73e494d8675ec49,58a943c81756fc834d9056a4,merchant
executed,balance,Fast food,58a914541756fc834d90559c,57cf75cea73e494d8675ec49,7.11,2016-12-09,57cf75cea73e494d8675ec49,58a943c81756fc834d9056a5,merchant
executed,balance,Jewelry,58a914541756fc834d90559c,57cf75cea73e494d8675ec49,53.48,2017-01-04,57cf75cea73e494d8675ec49,58a943c81756fc834d9056a6,merchant
executed,balance,House repair,58a914541756fc834d90559c,57cf75cea73e494d8675ec49,74.7,2016-12-15,57cf75cea73e494d8675ec49,58a943c81756fc834d9056a7,merchant
executed,balance,Shirts,58a914541756fc834d90559c,57cf75cea73e494d8675ec49,8.16,2017-01-01,57cf75cea73e494d8675ec49,58a943c81756fc834d9056a8,merchant
executed,balance,Jewelry,58a914541756fc834d90559c,57cf75cea73e494d8675ec49,42.16,2016-11-20,57cf75cea73e494d8675ec49,58a943c81756fc834d9056a9,merchant
executed,balance,Videogames,58a914541756fc834d90559c,57cf75cea73e494d8675ec49,44.86,2016-11-01,57cf75cea73e494d8675ec49,58a943c81756fc834d9056aa,merchant
executed,balance,Jewelry,58a914541756fc834d90559c,57cf75cea73e494d8675ec49,57.89,2017-01-26,57cf75cea73e494d8675ec49,58a943c81756fc834d9056ab,merchant
executed,balance,Underwear,58a914541756fc834d90559c,57cf75cea73e494d8675ec49,5.7,2017-01-26,57cf75cea73e494d8675ec49,58a943c81756fc834d9056ac,merchant
executed,balance,Videogames,58a914541756fc834d90559c,57cf75cea73e494d8675ec49,46.87,2016-12-02,57cf75cea73e494d8675ec49,58a943c81756fc834d9056ad,merchant
executed,balance,Pants,58a914541756fc834d90559c,57cf75cea73e494d8675ec49,9.77,2016-11-06,57cf75cea73e494d8675ec49,58a943c91756fc834d9056ae,merchant
executed,balance,Juice,58a914541756fc834d90559c,57cf75cea73e494d8675ec49,4.74,2017-01-16,57cf75cea73e494d8675ec49,58a943c91756fc834d9056af,merchant
executed,balance,Broccoli,58a914541756fc834d90559c,57cf75cea73e494d8675ec49,4.03,2016-12-03,57cf75cea73e494d8675ec49,58a943c91756fc834d9056b0,merchant
executed,balance,House repair,58a914541756fc834d90559c,57cf75cea73e494d8675ec49,61.14,2016-11-19,57cf75cea73e494d8675ec49,58a943c91756fc834d9056b1,merchant
executed,balance,House repair,58a914541756fc834d90559c,57cf75cea73e494d8675ec49,62.98,2016-11-17,57cf75cea73e494d8675ec49,58a943c91756fc834d9056b2,merchant
executed,balance,House repair,58a914541756fc834d90559c,57cf75cea73e494d8675ec49,64.78,2017-01-24,57cf75cea73e494d8675ec49,58a943c91756fc834d9056b3,merchant
executed,balance,Videogames,58a914541756fc834d90559c,57cf75cea73e494d8675ec49,54.69,2016-12-14,57cf75cea73e494d8675ec49,58a943c91756fc834d9056b4,merchant
executed,balance,Underwear,58a914541756fc834d90559c,57cf75cea73e494d8675ec49,11.33,2016-12-08,57cf75cea73e494d8675ec49,58a943c91756fc834d9056b5,merchant
executed,balance,Car repair,58a914541756fc834d90559c,57cf75cea73e494d8675ec49,78.92,2016-11-08,57cf75cea73e494d8675ec49,58a943c91756fc834d9056b6,merchant
executed,balance,Jewelry,58a914541756fc834d90559c,57cf75cea73e494d8675ec49,47.68,2017-01-18,57cf75cea73e494d8675ec49,58a943c91756fc834d9056b7,merchant
executed,balance,Computer repair,58a914541756fc834d90559c,57cf75cea73e494d8675ec49,55.83,2017-01-30,57cf75cea73e494d8675ec49,58a943c91756fc834d9056b8,merchant
executed,balance,Pants,58a914541756fc834d90559c,57cf75cea73e494d8675ec49,11.94,2016-12-02,57cf75cea73e494d8675ec49,58a943c91756fc834d9056b9,merchant
executed,balance,Formal dining,58a914541756fc834d90559c,57cf75cea73e494d8675ec49,19.92,2017-01-02,57cf75cea73e494d8675ec49,58a943c91756fc834d9056ba,merchant
executed,balance,Fast food,58a914541756fc834d90559c,57cf75cea73e494d8675ec49,7.1,2017-01-12,57cf75cea73e494d8675ec49,58a943c91756fc834d9056bb,merchant
executed,balance,Videogames,58a914541756fc834d90559c,57cf75cea73e494d8675ec49,42.97,2016-12-10,57cf75cea73e494d8675ec49,58a943c91756fc834d9056bc,merchant
executed,balance,Ice Cream,58a914541756fc834d90559c,57cf75cea73e494d8675ec49,2.37,2017-01-12,57cf75cea73e494d8675ec49,58a943ca1756fc834d9056bd,merchant
executed,balance,Tanning,58a914541756fc834d90559c,57cf75cea73e494d8675ec49,35.57,2016-12-22,57cf75cea73e494d8675ec49,58a943ca1756fc834d9056be,merchant
executed,balance,Videogames,58a914541756fc834d90559c,57cf75cea73e494d8675ec49,51.58,2016-12-30,57cf75cea73e494d8675ec49,58a943ca1756fc834d9056bf,merchant
executed,balance,Fast food,58a914541756fc834d90559c,57cf75cea73e494d8675ec49,6.67,2017-01-18,57cf75cea73e494d8675ec49,58a943ca1756fc834d9056c0,merchant
executed,balance,Underwear,58a914541756fc834d90559c,57cf75cea73e494d8675ec49,12.56,2017-01-15,57cf75cea73e494d8675ec49,58a943ca1756fc834d9056c1,merchant
executed,balance,Cosmic Brownies,58a914541756fc834d90559c,57cf75cea73e494d8675ec49,2.31,2016-12-01,57cf75cea73e494d8675ec49,58a943ca1756fc834d9056c2,merchant
executed,balance,Detergent,58a914541756fc834d90559c,57cf75cea73e494d8675ec49,11.51,2016-11-17,57cf75cea73e494d8675ec49,58a943ca1756fc834d9056c3,merchant
executed,balance,Formal dining,58a914541756fc834d90559c,57cf75cea73e494d8675ec49,18.07,2016-11-26,57cf75cea73e494d8675ec49,58a943ca1756fc834d9056c4,merchant
executed,balance,Movie,58a914541756fc834d90559c,57cf75cea73e494d8675ec49,33.92,2017-01-06,57cf75cea73e494d8675ec49,58a943ca1756fc834d9056c5,merchant
executed,balance,Formal dining,58a914541756fc834d90559c,57cf75cea73e494d8675ec49,15.79,2017-01-21,57cf75cea73e494d8675ec49,58a943ca1756fc834d9056c6,merchant
executed,balance,Pants,58a914541756fc834d90559c,57cf75cea73e494d8675ec49,8.54,2017-01-01,57cf75cea73e494d8675ec49,58a943ca1756fc834d9056c7,merchant
executed,balance,Cheese Stick,58a914541756fc834d90559c,57cf75cea73e494d8675ec49,2.49,2016-11-11,57cf75cea73e494d8675ec49,58a943ca1756fc834d9056c8,merchant
executed,balance,Lettuce,58a914541756fc834d90559c,57cf75cea73e494d8675ec49,4.12,2016-11-13,57cf75cea73e494d8675ec49,58a943ca1756fc834d9056c9,merchant
executed,balance,Carrots,58a914541756fc834d90559c,57cf75cea73e494d8675ec49,2.74,2017-01-29,57cf75cea73e494d8675ec49,58a943ca1756fc834d9056ca,merchant
executed,balance,Massage,58a914541756fc834d90559c,57cf75cea73e494d8675ec49,29.83,2016-12-06,57cf75cea73e494d8675ec49,58a943ca1756fc834d9056cb,merchant
executed,balance,Videogames,58a914541756fc834d90559c,57cf75cea73e494d8675ec49,41.48,2017-01-08,57cf75cea73e494d8675ec49,58a943cb1756fc834d9056cc,merchant
executed,balance,Movie,58a914541756fc834d90559c,57cf75cea73e494d8675ec49,37.02,2017-01-19,57cf75cea73e494d8675ec49,58a943cb1756fc834d9056cd,merchant
executed,balance,Jewelry,58a914541756fc834d90559c,57cf75cea73e494d8675ec49,49.35,2017-01-07,57cf75cea73e494d8675ec49,58a943cb1756fc834d9056ce,merchant
executed,balance,Formal dining,58a914541756fc834d90559c,57cf75cea73e494d8675ec49,18.22,2016-11-07,57cf75cea73e494d8675ec49,58a943cb1756fc834d9056cf,merchant
executed,balance,Jewelry,58a914541756fc834d90559c,57cf75cea73e494d8675ec49,41.25,2016-11-20,57cf75cea73e494d8675ec49,58a943cb1756fc834d9056d0,merchant
executed,balance,Cabbage,58a914541756fc834d90559c,57cf75cea73e494d8675ec49,2.36,2017-01-19,57cf75cea73e494d8675ec49,58a943cb1756fc834d9056d1,merchant
executed,balance,Car Wash,58a914541756fc834d90559c,57cf75cea73e494d8675ec49,31.17,2017-01-11,57cf75cea73e494d8675ec49,58a943cb1756fc834d9056d2,merchant
executed,balance,Tomatoes,58a914541756fc834d90559c,57cf75cea73e494d8675ec49,2.68,2017-01-04,57cf75cea73e494d8675ec49,58a943cb1756fc834d9056d3,merchant
cancelled,balance,Electricity,58a914541756fc834d90559c,,106.47,2016-11-08,57cf75cea73e494d8675ec49,58a943cb1756fc834d9056d4,merchant
executed,balance,House repair,58a914541756fc834d90559c,57cf75cea73e494d8675ec49,57.42,2016-12-24,57cf75cea73e494d8675ec49,58a943cb1756fc834d9056d5,merchant
executed,balance,Brussels Sprouts,58a914541756fc834d90559c,57cf75cea73e494d8675ec49,4.36,2017-01-22,57cf75cea73e494d8675ec49,58a943cb1756fc834d9056d6,merchant
executed,balance,Chicken,58a914541756fc834d90559c,57cf75cea73e494d8675ec49,2.63,2016-11-08,57cf75cea73e494d8675ec49,58a943cb1756fc834d9056d7,merchant
cancelled,balance,Tanning,58a914541756fc834d90559c,,38.95,2016-11-17,57cf75cea73e494d8675ec49,58a943cb1756fc834d9056d8,merchant
executed,balance,Cheez - Its,58a914541756fc834d90559c,57cf75cea73e494d8675ec49,2.8,2017-01-26,57cf75cea73e494d8675ec49,58a943cc1756fc834d9056d9,merchant
cancelled,balance,Computer repair,58a914541756fc834d90559c,,58.39,2016-11-15,57cf75cea73e494d8675ec49,58a943cc1756fc834d9056da,merchant
cancelled,balance,Formal dining,58a914541756fc834d90559c,,16.78,2016-11-20,57cf75cea73e494d8675ec49,58a943cc1756fc834d9056db,merchant
cancelled,balance,Tanning,58a914541756fc834d90559c,,23.23,2016-12-07,57cf75cea73e494d8675ec49,58a943cc1756fc834d9056dc,merchant
cancelled,balance,Videogames,58a914541756fc834d90559c,,47.96,2017-01-12,57cf75cea73e494d8675ec49,58a943cc1756fc834d9056dd,merchant
cancelled,balance,Computer repair,58a914541756fc834d90559c,,74.95,2017-01-25,57cf75cea73e494d8675ec49,58a943cc1756fc834d9056de,merchant
cancelled,balance,Formal dining,58a914541756fc834d90559c,,17.46,2016-11-28,57cf75cea73e494d8675ec49,58a943cc1756fc834d9056df,merchant
executed,balance,Fast food,58a914541756fc834d90559c,57cf75cea73e494d8675ec49,6.47,2016-12-13,57cf75cea73e494d8675ec49,58a943cc1756fc834d9056e0,merchant
executed,balance,Ritz,58a914541756fc834d90559c,57cf75cea73e494d8675ec49,3.71,2016-12-24,57cf75cea73e494d8675ec49,58a943cc1756fc834d9056e1,merchant
cancelled,balance,Shirts,58a914541756fc834d90559c,,9.35,2016-12-21,57cf75cea73e494d8675ec49,58a943cc1756fc834d9056e2,merchant
cancelled,balance,Underwear,58a914541756fc834d90559c,,13.86,2016-12-28,57cf75cea73e494d8675ec49,58a943cc1756fc834d9056e3,merchant
cancelled,balance,Cookies,58a914541756fc834d90559c,,3.79,2016-12-19,57cf75cea73e494d8675ec49,58a943cc1756fc834d9056e4,merchant
cancelled,balance,Fast food,58a914541756fc834d90559c,,6.49,2017-01-07,57cf75cea73e494d8675ec49,58a943cc1756fc834d9056e5,merchant
cancelled,balance,Juice,58a914541756fc834d90559c,,4.39,2016-11-01,57cf75cea73e494d8675ec49,58a943cc1756fc834d9056e6,merchant
cancelled,balance,Rice Krispies,58a914541756fc834d90559c,,4.52,2016-11-03,57cf75cea73e494d8675ec49,58a943cc1756fc834d9056e7,merchant
cancelled,balance,Videogames,58a914541756fc834d90559c,,52.61,2016-12-29,57cf75cea73e494d8675ec49,58a943cd1756fc834d9056e8,merchant
cancelled,balance,Fast food,58a914541756fc834d90559c,,7.03,2017-01-01,57cf75cea73e494d8675ec49,58a943cd1756fc834d9056e9,merchant
executed,balance,Lettuce,58a914541756fc834d90559c,57cf75cea73e494d8675ec49,2.55,2017-01-04,57cf75cea73e494d8675ec49,58a943cd1756fc834d9056ea,merchant
cancelled,balance,Gym membership,58a914541756fc834d90559c,,22.83,2016-11-24,57cf75cea73e494d8675ec49,58a943cd1756fc834d9056eb,merchant
cancelled,balance,Formal dining,58a914541756fc834d90559c,,20,2016-11-07,57cf75cea73e494d8675ec49,58a943cd1756fc834d9056ec,merchant
cancelled,balance,Cosmic Brownies,58a914541756fc834d90559c,,3.02,2016-12-19,57cf75cea73e494d8675ec49,58a943cd1756fc834d9056ed,merchant
cancelled,balance,Chips,58a914541756fc834d90559c,,2.64,2017-01-24,57cf75cea73e494d8675ec49,58a943cd1756fc834d9056ee,merchant
cancelled,balance,Chicken,58a914541756fc834d90559c,,4.91,2016-11-28,57cf75cea73e494d8675ec49,58a943cd1756fc834d9056ef,merchant
cancelled,balance,Underwear,58a914541756fc834d90559c,,7.53,2017-01-23,57cf75cea73e494d8675ec49,58a943cd1756fc834d9056f0,merchant
cancelled,balance,Massage,58a914541756fc834d90559c,,35.11,2016-11-11,57cf75cea73e494d8675ec49,58a943cd1756fc834d9056f1,merchant
cancelled,balance,Apples,58a914541756fc834d90559c,,3.09,2017-01-04,57cf75cea73e494d8675ec49,58a943cd1756fc834d9056f2,merchant
cancelled,balance,Heating,58a914541756fc834d90559c,,136.95,2016-11-19,57cf75cea73e494d8675ec49,58a943cd1756fc834d9056f3,merchant
cancelled,balance,Car repair,58a914541756fc834d90559c,,70.17,2016-11-23,57cf75cea73e494d8675ec49,58a943cd1756fc834d9056f4,merchant
cancelled,balance,Ice Cream,58a914541756fc834d90559c,,4.13,2017-01-02,57cf75cea73e494d8675ec49,58a943cd1756fc834d9056f5,merchant
cancelled,balance,Detergent,58a914541756fc834d90559c,,12.42,2016-11-26,57cf75cea73e494d8675ec49,58a943cd1756fc834d9056f6,merchant
cancelled,balance,Popsicle,58a914541756fc834d90559c,,4.95,2016-12-27,57cf75cea73e494d8675ec49,58a943ce1756fc834d9056f7,merchant
cancelled,balance,Formal dining,58a914541756fc834d90559c,,16.18,2016-12-05,57cf75cea73e494d8675ec49,58a943ce1756fc834d9056f8,merchant
cancelled,balance,Formal dining,58a914541756fc834d90559c,,17.73,2016-12-06,57cf75cea73e494d8675ec49,58a943ce1756fc834d9056f9,merchant
cancelled,balance,Underwear,58a914541756fc834d90559c,,11.19,2017-01-27,57cf75cea73e494d8675ec49,58a943ce1756fc834d9056fa,merchant
cancelled,balance,House repair,58a914541756fc834d90559c,,62.3,2016-12-15,57cf75cea73e494d8675ec49,58a943ce1756fc834d9056fb,merchant
cancelled,balance,Jewelry,58a914541756fc834d90559c,,53.08,2017-01-06,57cf75cea73e494d8675ec49,58a943ce1756fc834d9056fc,merchant
cancelled,balance,Car repair,58a914541756fc834d90559c,,62.62,2016-12-22,57cf75cea73e494d8675ec49,58a943ce1756fc834d9056fd,merchant
cancelled,balance,Fast food,58a914541756fc834d90559c,,7.47,2016-11-04,57cf75cea73e494d8675ec49,58a943ce1756fc834d9056fe,merchant
cancelled,balance,Gym membership,58a914541756fc834d90559c,,38.16,2016-12-14,57cf75cea73e494d8675ec49,58a943ce1756fc834d9056ff,merchant
cancelled,balance,Chips,58a914541756fc834d90559c,,2.09,2016-11-09,57cf75cea73e494d8675ec49,58a943ce1756fc834d905700,merchant
cancelled,balance,Milk,58a914541756fc834d90559c,,3.35,2016-12-09,57cf75cea73e494d8675ec49,58a943ce1756fc834d905701,merchant
cancelled,balance,Coke,58a914541756fc834d90559c,,3.15,2016-12-18,57cf75cea73e494d8675ec49,58a943ce1756fc834d905702,merchant
cancelled,balance,Shirts,58a914541756fc834d90559c,,12.13,2017-01-06,57cf75cea73e494d8675ec49,58a943ce1756fc834d905703,merchant
cancelled,balance,Videogames,58a914541756fc834d90559c,,51.74,2016-12-05,57cf75cea73e494d8675ec49,58a943ce1756fc834d905704,merchant
cancelled,balance,Computer repair,58a914541756fc834d90559c,,72.37,2017-01-12,57cf75cea73e494d8675ec49,58a943ce1756fc834d905705,merchant
cancelled,balance,Massage,58a914541756fc834d90559c,,27.78,2016-11-07,57cf75cea73e494d8675ec49,58a943cf1756fc834d905706,merchant
cancelled,balance,Water,58a914541756fc834d90559c,,129.38,2016-11-07,57cf75cea73e494d8675ec49,58a943cf1756fc834d905707,merchant
cancelled,balance,Videogames,58a914541756fc834d90559c,,54.57,2016-12-01,57cf75cea73e494d8675ec49,58a943cf1756fc834d905708,merchant
cancelled,balance,Formal dining,58a914541756fc834d90559c,,16.56,2017-01-29,57cf75cea73e494d8675ec49,58a943cf1756fc834d905709,merchant
cancelled,balance,Ice Cream,58a914541756fc834d90559c,,4.37,2016-12-05,57cf75cea73e494d8675ec49,58a943cf1756fc834d90570a,merchant
cancelled,balance,Popsicle,58a914541756fc834d90559c,,2.87,2016-12-25,57cf75cea73e494d8675ec49,58a943cf1756fc834d90570b,merchant
cancelled,balance,Car repair,58a914541756fc834d90559c,,59.69,2016-11-29,57cf75cea73e494d8675ec49,58a943cf1756fc834d90570c,merchant
cancelled,balance,House repair,58a914541756fc834d90559c,,59.7,2016-12-28,57cf75cea73e494d8675ec49,58a943cf1756fc834d90570d,merchant
cancelled,balance,Videogames,58a914541756fc834d90559c,,50.55,2017-01-03,57cf75cea73e494d8675ec49,58a943cf1756fc834d90570e,merchant
cancelled,balance,Fast food,58a914541756fc834d90559c,,9.38,2016-12-26,57cf75cea73e494d8675ec49,58a943cf1756fc834d90570f,merchant
cancelled,balance,Tanning,58a914541756fc834d90559c,,33.34,2016-12-07,57cf75cea73e494d8675ec49,58a943cf1756fc834d905710,merchant
cancelled,balance,Cereal,58a914541756fc834d90559c,,4.7,2016-11-21,57cf75cea73e494d8675ec49,58a943cf1756fc834d905711,merchant
cancelled,balance,Videogames,58a914541756fc834d90559c,,45.73,2016-11-30,57cf75cea73e494d8675ec49,58a943cf1756fc834d905712,merchant
cancelled,balance,Car Wash,58a914541756fc834d90559c,,21.64,2016-11-07,57cf75cea73e494d8675ec49,58a943cf1756fc834d905713,merchant
cancelled,balance,Shirts,58a914541756fc834d90559c,,11.3,2017-01-15,57cf75cea73e494d8675ec49,58a943cf1756fc834d905714,merchant
cancelled,balance,Pants,58a914541756fc834d90559c,,6.27,2016-12-18,57cf75cea73e494d8675ec49,58a943d01756fc834d905715,merchant
cancelled,balance,Gym membership,58a914541756fc834d90559c,,22.36,2016-11-18,57cf75cea73e494d8675ec49,58a943d01756fc834d905716,merchant
cancelled,balance,Fast food,58a914541756fc834d90559c,,6.58,2017-01-02,57cf75cea73e494d8675ec49,58a943d01756fc834d905717,merchant
cancelled,balance,Formal dining,58a914541756fc834d90559c,,16.95,2017-01-01,57cf75cea73e494d8675ec49,58a943d01756fc834d905718,merchant
cancelled,balance,Fast food,58a914541756fc834d90559c,,9.26,2016-11-24,57cf75cea73e494d8675ec49,58a943d01756fc834d905719,merchant
cancelled,balance,Sprite,58a914541756fc834d90559c,,3.94,2016-12-26,57cf75cea73e494d8675ec49,58a943d01756fc834d90571a,merchant
cancelled,balance,Shirts,58a914541756fc834d90559c,,11.19,2016-12-17,57cf75cea73e494d8675ec49,58a943d01756fc834d90571b,merchant
cancelled,balance,Tanning,58a914541756fc834d90559c,,39.09,2016-11-18,57cf75cea73e494d8675ec49,58a943d01756fc834d90571c,merchant
cancelled,balance,Cabbage,58a914541756fc834d90559c,,4.74,2017-01-16,57cf75cea73e494d8675ec49,58a943d01756fc834d90571d,merchant
cancelled,balance,Carrots,58a914541756fc834d90559c,,2.47,2016-12-12,57cf75cea73e494d8675ec49,58a943d01756fc834d90571e,merchant
cancelled,balance,Ritz,58a914541756fc834d90559c,,4.86,2016-12-09,57cf75cea73e494d8675ec49,58a943d01756fc834d90571f,merchant
cancelled,balance,Nuts,58a914541756fc834d90559c,,3.29,2017-01-20,57cf75cea73e494d8675ec49,58a943d01756fc834d905720,merchant
cancelled,balance,Fast food,58a914541756fc834d90559c,,6.21,2016-11-11,57cf75cea73e494d8675ec49,58a943d01756fc834d905721,merchant
cancelled,balance,Gas,58a914541756fc834d90559c,,128.06,2017-01-12,57cf75cea73e494d8675ec49,58a943d01756fc834d905722,merchant
cancelled,balance,Fast food,58a914541756fc834d90559c,,7.15,2016-12-24,57cf75cea73e494d8675ec49,58a943d01756fc834d905723,merchant
cancelled,balance,Fast food,58a914541756fc834d90559c,,7.54,2016-12-26,57cf75cea73e494d8675ec49,58a943d11756fc834d905724,merchant
cancelled,balance,Underwear,58a914541756fc834d90559c,,11.89,2016-11-12,57cf75cea73e494d8675ec49,58a943d11756fc834d905725,merchant
cancelled,balance,Videogames,58a914541756fc834d90559c,,40.76,2016-12-03,57cf75cea73e494d8675ec49,58a943d11756fc834d905726,merchant
cancelled,balance,Formal dining,58a914541756fc834d90559c,,19.19,2016-12-06,57cf75cea73e494d8675ec49,58a943d11756fc834d905727,merchant
cancelled,balance,Fast food,58a914541756fc834d90559c,,6.83,2016-12-12,57cf75cea73e494d8675ec49,58a943d11756fc834d905728,merchant
cancelled,balance,Fast food,58a914541756fc834d90559c,,6.69,2016-11-08,57cf75cea73e494d8675ec49,58a943d11756fc834d905729,merchant
cancelled,balance,Computer repair,58a914541756fc834d90559c,,76.11,2016-11-29,57cf75cea73e494d8675ec49,58a943d11756fc834d90572a,merchant
cancelled,balance,House repair,58a914541756fc834d90559c,,63.02,2017-01-14,57cf75cea73e494d8675ec49,58a943d11756fc834d90572b,merchant
cancelled,balance,Computer repair,58a914541756fc834d90559c,,78.12,2016-11-13,57cf75cea73e494d8675ec49,58a943d11756fc834d90572c,merchant
cancelled,balance,House repair,58a914541756fc834d90559c,,55.98,2017-01-16,57cf75cea73e494d8675ec49,58a943d11756fc834d90572d,merchant
cancelled,balance,Chicken,58a914541756fc834d90559c,,4.37,2016-12-19,57cf75cea73e494d8675ec49,58a943d11756fc834d90572e,merchant
cancelled,balance,Pants,58a914541756fc834d90559c,,14.48,2016-11-24,57cf75cea73e494d8675ec49,58a943d11756fc834d90572f,merchant
cancelled,balance,Jewelry,58a914541756fc834d90559c,,57.72,2016-11-09,57cf75cea73e494d8675ec49,58a943d11756fc834d905730,merchant
cancelled,balance,Jewelry,58a914541756fc834d90559c,,44.88,2016-11-10,57cf75cea73e494d8675ec49,58a943d11756fc834d905731,merchant
cancelled,balance,Formal dining,58a914541756fc834d90559c,,19.3,2016-11-09,57cf75cea73e494d8675ec49,58a943d11756fc834d905732,merchant
cancelled,balance,Ice Cream,58a914541756fc834d90559c,,2.62,2016-12-05,57cf75cea73e494d8675ec49,58a943d21756fc834d905733,merchant
cancelled,balance,Shirts,58a914541756fc834d90559c,,14.76,2017-01-04,57cf75cea73e494d8675ec49,58a943d21756fc834d905734,merchant
cancelled,balance,Cheetos,58a914541756fc834d90559c,,4.47,2017-01-21,57cf75cea73e494d8675ec49,58a943d21756fc834d905735,merchant
cancelled,balance,Underwear,58a914541756fc834d90559c,,11,2016-12-31,57cf75cea73e494d8675ec49,58a943d21756fc834d905736,merchant
cancelled,balance,Detergent,58a914541756fc834d90559c,,10.67,2016-11-26,57cf75cea73e494d8675ec49,58a943d21756fc834d905737,merchant
cancelled,balance,Massage,58a914541756fc834d90559c,,23.02,2017-01-21,57cf75cea73e494d8675ec49,58a943d21756fc834d905738,merchant
cancelled,balance,Videogames,58a914541756fc834d90559c,,52.5,2016-11-21,57cf75cea73e494d8675ec49,58a943d21756fc834d905739,merchant
cancelled,balance,Chicken,58a914541756fc834d90559c,,4.99,2016-11-11,57cf75cea73e494d8675ec49,58a943d21756fc834d90573a,merchant
cancelled,balance,Goldfish,58a914541756fc834d90559c,,2.62,2017-01-20,57cf75cea73e494d8675ec49,58a943d21756fc834d90573b,merchant
cancelled,balance,House repair,58a914541756fc834d90559c,,61.06,2017-01-08,57cf75cea73e494d8675ec49,58a943d21756fc834d90573c,merchant
cancelled,balance,Fast food,58a914541756fc834d90559c,,6.86,2016-12-24,57cf75cea73e494d8675ec49,58a943d21756fc834d90573d,merchant
cancelled,balance,Formal dining,58a914541756fc834d90559c,,19.9,2017-01-10,57cf75cea73e494d8675ec49,58a943d21756fc834d90573e,merchant
cancelled,balance,Movie,58a914541756fc834d90559c,,38.53,2016-12-28,57cf75cea73e494d8675ec49,58a943d21756fc834d90573f,merchant
cancelled,balance,Pants,58a914541756fc834d90559c,,9.98,2016-11-06,57cf75cea73e494d8675ec49,58a943d21756fc834d905740,merchant
cancelled,balance,Fast food,58a914541756fc834d90559c,,7.47,2017-01-14,57cf75cea73e494d8675ec49,58a943d21756fc834d905741,merchant
cancelled,balance,Computer repair,58a914541756fc834d90559c,,57.22,2016-12-08,57cf75cea73e494d8675ec49,58a943d31756fc834d905742,merchant
cancelled,balance,Underwear,58a914541756fc834d90559c,,6.36,2016-12-04,57cf75cea73e494d8675ec49,58a943d31756fc834d905743,merchant
cancelled,balance,Granola Bar,58a914541756fc834d90559c,,3.85,2016-11-27,57cf75cea73e494d8675ec49,58a943d31756fc834d905744,merchant
cancelled,balance,Gym membership,58a914541756fc834d90559c,,26.49,2016-11-20,57cf75cea73e494d8675ec49,58a943d31756fc834d905745,merchant
cancelled,balance,Car Wash,58a914541756fc834d90559c,,38.91,2016-11-24,57cf75cea73e494d8675ec49,58a943d31756fc834d905746,merchant
cancelled,balance,Videogames,58a914541756fc834d90559c,,57.25,2017-01-21,57cf75cea73e494d8675ec49,58a943d31756fc834d905747,merchant
cancelled,balance,Oranges,58a914541756fc834d90559c,,2.15,2016-11-11,57cf75cea73e494d8675ec49,58a943d31756fc834d905748,merchant
cancelled,balance,Computer repair,58a914541756fc834d90559c,,51.85,2016-12-02,57cf75cea73e494d8675ec49,58a943d31756fc834d905749,merchant
cancelled,balance,Pants,58a914541756fc834d90559c,,14.04,2016-12-27,57cf75cea73e494d8675ec49,58a943d31756fc834d90574a,merchant
cancelled,balance,Shirts,58a914541756fc834d90559c,,11.58,2017-01-09,57cf75cea73e494d8675ec49,58a943d31756fc834d90574b,merchant
cancelled,balance,Car repair,58a914541756fc834d90559c,,74.78,2016-11-10,57cf75cea73e494d8675ec49,58a943d31756fc834d90574c,merchant
cancelled,balance,Fast food,58a914541756fc834d90559c,,9.4,2017-01-21,57cf75cea73e494d8675ec49,58a943d31756fc834d90574d,merchant
cancelled,balance,Videogames,58a914541756fc834d90559c,,47.49,2017-01-07,57cf75cea73e494d8675ec49,58a943d31756fc834d90574e,merchant
cancelled,balance,Formal dining,58a914541756fc834d90559c,,16.05,2016-12-01,57cf75cea73e494d8675ec49,58a943d31756fc834d90574f,merchant
cancelled,balance,Detergent,58a914541756fc834d90559c,,14.67,2017-01-29,57cf75cea73e494d8675ec49,58a943d31756fc834d905750,merchant
cancelled,balance,Cereal,58a914541756fc834d90559c,,4.62,2016-11-08,57cf75cea73e494d8675ec49,58a943d31756fc834d905751,merchant
cancelled,balance,Chicken,58a914541756fc834d90559c,,2.51,2017-01-11,57cf75cea73e494d8675ec49,58a943d41756fc834d905752,merchant
cancelled,balance,Car repair,58a914541756fc834d90559c,,51.84,2016-11-05,57cf75cea73e494d8675ec49,58a943d41756fc834d905753,merchant
cancelled,balance,Formal dining,58a914541756fc834d90559c,,15.93,2016-12-12,57cf75cea73e494d8675ec49,58a943d41756fc834d905754,merchant
cancelled,balance,Goldfish,58a914541756fc834d90559c,,2.2,2017-01-07,57cf75cea73e494d8675ec49,58a943d41756fc834d905755,merchant
cancelled,balance,Videogames,58a914541756fc834d90559c,,55.23,2016-11-17,57cf75cea73e494d8675ec49,58a943d41756fc834d905756,merchant
cancelled,balance,Car Wash,58a914541756fc834d90559c,,24.38,2016-11-09,57cf75cea73e494d8675ec49,58a943d41756fc834d905757,merchant
cancelled,balance,Jewelry,58a914541756fc834d90559c,,56.43,2016-12-25,57cf75cea73e494d8675ec49,58a943d41756fc834d905758,merchant
cancelled,balance,Formal dining,58a914541756fc834d90559c,,16.83,2016-11-29,57cf75cea73e494d8675ec49,58a943d41756fc834d905759,merchant
cancelled,balance,Formal dining,58a914541756fc834d90559c,,19.21,2016-12-07,57cf75cea73e494d8675ec49,58a943d41756fc834d90575a,merchant
cancelled,balance,Movie,58a914541756fc834d90559c,,20.63,2017-01-28,57cf75cea73e494d8675ec49,58a943d41756fc834d90575b,merchant
cancelled,balance,Tomatoes,58a914541756fc834d90559c,,4.72,2016-11-19,57cf75cea73e494d8675ec49,58a943d41756fc834d90575c,merchant
cancelled,balance,Cookies,58a914541756fc834d90559c,,4.24,2016-11-23,57cf75cea73e494d8675ec49,58a943d41756fc834d90575d,merchant
cancelled,balance,Broccoli,58a914541756fc834d90559c,,2.29,2016-12-21,57cf75cea73e494d8675ec49,58a943d41756fc834d90575e,merchant
cancelled,balance,Fast food,58a914541756fc834d90559c,,6.97,2017-01-14,57cf75cea73e494d8675ec49,58a943d41756fc834d90575f,merchant
cancelled,balance,Computer repair,58a914541756fc834d90559c,,56.12,2016-12-11,57cf75cea73e494d8675ec49,58a943d51756fc834d905760,merchant
cancelled,balance,Celery,58a914541756fc834d90559c,,3.6,2016-11-19,57cf75cea73e494d8675ec49,58a943d51756fc834d905761,merchant
cancelled,balance,Skittles,58a914541756fc834d90559c,,4.56,2016-11-25,57cf75cea73e494d8675ec49,58a943d51756fc834d905762,merchant
cancelled,balance,House repair,58a914541756fc834d90559c,,79,2016-11-11,57cf75cea73e494d8675ec49,58a943d51756fc834d905763,merchant
cancelled,balance,Lettuce,58a914541756fc834d90559c,,2.56,2016-12-13,57cf75cea73e494d8675ec49,58a943d51756fc834d905764,merchant
cancelled,balance,Formal dining,58a914541756fc834d90559c,,16.23,2016-11-26,57cf75cea73e494d8675ec49,58a943d51756fc834d905765,merchant
cancelled,balance,Chips,58a914541756fc834d90559c,,2.38,2016-12-01,57cf75cea73e494d8675ec49,58a943d51756fc834d905766,merchant
cancelled,balance,Car repair,58a914541756fc834d90559c,,68.01,2016-12-29,57cf75cea73e494d8675ec49,58a943d51756fc834d905767,merchant
cancelled,balance,Jewelry,58a914541756fc834d90559c,,54.58,2017-01-07,57cf75cea73e494d8675ec49,58a943d51756fc834d905768,merchant
cancelled,balance,Computer repair,58a914541756fc834d90559c,,54.81,2016-11-10,57cf75cea73e494d8675ec49,58a943d51756fc834d905769,merchant
cancelled,balance,Underwear,58a914541756fc834d90559c,,8.98,2016-12-16,57cf75cea73e494d8675ec49,58a943d51756fc834d90576a,merchant
cancelled,balance,Skittles,58a914541756fc834d90559c,,2.42,2016-12-02,57cf75cea73e494d8675ec49,58a943d51756fc834d90576b,merchant
cancelled,balance,Shirts,58a914541756fc834d90559c,,12.25,2016-12-03,57cf75cea73e494d8675ec49,58a943d51756fc834d90576c,merchant
cancelled,balance,Computer repair,58a914541756fc834d90559c,,63.42,2016-11-07,57cf75cea73e494d8675ec49,58a943d51756fc834d90576d,merchant
cancelled,balance,Movie,58a914541756fc834d90559c,,33.62,2016-12-31,57cf75cea73e494d8675ec49,58a943d51756fc834d90576e,merchant
cancelled,balance,Videogames,58a914541756fc834d90559c,,46.17,2016-11-13,57cf75cea73e494d8675ec49,58a943d61756fc834d90576f,merchant
cancelled,balance,Cookies,58a914541756fc834d90559c,,3.83,2016-11-05,57cf75cea73e494d8675ec49,58a943d61756fc834d905770,merchant
cancelled,balance,Carrots,58a914541756fc834d90559c,,3.32,2016-12-14,57cf75cea73e494d8675ec49,58a943d61756fc834d905771,merchant
cancelled,balance,Lettuce,58a914541756fc834d90559c,,3.38,2017-01-29,57cf75cea73e494d8675ec49,58a943d61756fc834d905772,merchant
cancelled,balance,Computer repair,58a914541756fc834d90559c,,52.87,2016-11-04,57cf75cea73e494d8675ec49,58a943d61756fc834d905773,merchant
cancelled,balance,House repair,58a914541756fc834d90559c,,66.28,2016-11-14,57cf75cea73e494d8675ec49,58a943d61756fc834d905774,merchant
cancelled,balance,Underwear,58a914541756fc834d90559c,,12.18,2016-12-22,57cf75cea73e494d8675ec49,58a943d61756fc834d905775,merchant
cancelled,balance,House repair,58a914541756fc834d90559c,,56.44,2016-11-01,57cf75cea73e494d8675ec49,58a943d61756fc834d905776,merchant
cancelled,balance,Chicken,58a914541756fc834d90559c,,3.56,2016-11-30,57cf75cea73e494d8675ec49,58a943d61756fc834d905777,merchant
cancelled,balance,Underwear,58a914541756fc834d90559c,,14.24,2016-11-16,57cf75cea73e494d8675ec49,58a943d61756fc834d905778,merchant
cancelled,balance,Car repair,58a914541756fc834d90559c,,55.56,2016-12-10,57cf75cea73e494d8675ec49,58a943d61756fc834d905779,merchant
cancelled,balance,Coke,58a914541756fc834d90559c,,3.94,2017-01-24,57cf75cea73e494d8675ec49,58a943d61756fc834d90577a,merchant
cancelled,balance,Car Wash,58a914541756fc834d90559c,,29.64,2016-12-11,57cf75cea73e494d8675ec49,58a943d61756fc834d90577b,merchant
cancelled,balance,Massage,58a914541756fc834d90559c,,29.08,2016-11-05,57cf75cea73e494d8675ec49,58a943d61756fc834d90577c,merchant
cancelled,balance,Skittles,58a914541756fc834d90559c,,3.83,2016-11-20,57cf75cea73e494d8675ec49,58a943d71756fc834d90577d,merchant
cancelled,balance,Fast food,58a914541756fc834d90559c,,6.55,2017-01-27,57cf75cea73e494d8675ec49,58a943d71756fc834d90577e,merchant
cancelled,balance,Formal dining,58a914541756fc834d90559c,,19.15,2017-01-06,57cf75cea73e494d8675ec49,58a943d71756fc834d90577f,merchant
cancelled,balance,Peas,58a914541756fc834d90559c,,3.52,2017-01-28,57cf75cea73e494d8675ec49,58a943d71756fc834d905780,merchant
cancelled,balance,Formal dining,58a914541756fc834d90559c,,19.69,2016-12-13,57cf75cea73e494d8675ec49,58a943d71756fc834d905781,merchant
cancelled,balance,Cheez - Its,58a914541756fc834d90559c,,4.51,2016-11-26,57cf75cea73e494d8675ec49,58a943d71756fc834d905782,merchant
cancelled,balance,Movie,58a914541756fc834d90559c,,38.63,2017-01-20,57cf75cea73e494d8675ec49,58a943d71756fc834d905783,merchant
cancelled,balance,Detergent,58a914541756fc834d90559c,,12.02,2016-12-30,57cf75cea73e494d8675ec49,58a943d71756fc834d905784,merchant
cancelled,balance,Rice Krispies,58a914541756fc834d90559c,,4.8,2016-12-21,57cf75cea73e494d8675ec49,58a943d71756fc834d905785,merchant
cancelled,balance,Videogames,58a914541756fc834d90559c,,53.88,2017-01-03,57cf75cea73e494d8675ec49,58a943d71756fc834d905786,merchant
cancelled,balance,Videogames,58a914541756fc834d90559c,,45.77,2016-11-25,57cf75cea73e494d8675ec49,58a943d71756fc834d905787,merchant
cancelled,balance,Movie,58a914541756fc834d90559c,,27.1,2016-12-01,57cf75cea73e494d8675ec49,58a943d71756fc834d905788,merchant
cancelled,balance,Oreos,58a914541756fc834d90559c,,2.12,2016-11-29,57cf75cea73e494d8675ec49,58a943d71756fc834d905789,merchant
cancelled,balance,Videogames,58a914541756fc834d90559c,,53.7,2016-12-16,57cf75cea73e494d8675ec49,58a943d71756fc834d90578a,merchant
cancelled,balance,Computer repair,58a914541756fc834d90559c,,58.38,2016-11-27,57cf75cea73e494d8675ec49,58a943d71756fc834d90578b,merchant
cancelled,balance,Cheetos,58a914541756fc834d90559c,,3.11,2016-12-21,57cf75cea73e494d8675ec49,58a943d81756fc834d90578c,merchant
cancelled,balance,Movie,58a914541756fc834d90559c,,36.85,2016-11-21,57cf75cea73e494d8675ec49,58a943d81756fc834d90578d,merchant
cancelled,balance,Tomatoes,58a914541756fc834d90559c,,3.04,2016-12-31,57cf75cea73e494d8675ec49,58a943d81756fc834d90578e,merchant
cancelled,balance,Cheetos,58a914541756fc834d90559c,,4.28,2016-11-21,57cf75cea73e494d8675ec49,58a943d81756fc834d90578f,merchant
cancelled,balance,Computer repair,58a914541756fc834d90559c,,57.86,2016-12-15,57cf75cea73e494d8675ec49,58a943d81756fc834d905790,merchant
cancelled,balance,Oranges,58a914541756fc834d90559c,,3.19,2016-11-09,57cf75cea73e494d8675ec49,58a943d81756fc834d905791,merchant
cancelled,balance,Pork,58a914541756fc834d90559c,,4.45,2016-11-26,57cf75cea73e494d8675ec49,58a943d81756fc834d905792,merchant
cancelled,balance,Lettuce,58a914541756fc834d90559c,,2.71,2016-12-19,57cf75cea73e494d8675ec49,58a943d81756fc834d905793,merchant
cancelled,balance,Tanning,58a914541756fc834d90559c,,26.97,2016-11-30,57cf75cea73e494d8675ec49,58a943d81756fc834d905794,merchant
cancelled,balance,Formal dining,58a914541756fc834d90559c,,16.93,2016-11-18,57cf75cea73e494d8675ec49,58a943d81756fc834d905795,merchant
cancelled,balance,Milk,58a914541756fc834d90559c,,3.96,2016-12-22,57cf75cea73e494d8675ec49,58a943d81756fc834d905796,merchant
cancelled,balance,Computer repair,58a914541756fc834d90559c,,70.48,2017-01-30,57cf75cea73e494d8675ec49,58a943d81756fc834d905797,merchant
cancelled,balance,Milk,58a914541756fc834d90559c,,3.72,2016-12-05,57cf75cea73e494d8675ec49,58a943d81756fc834d905798,merchant
cancelled,balance,House repair,58a914541756fc834d90559c,,78.01,2017-01-30,57cf75cea73e494d8675ec49,58a943d81756fc834d905799,merchant
cancelled,balance,Formal dining,58a914541756fc834d90559c,,15.41,2017-01-09,57cf75cea73e494d8675ec49,58a943d81756fc834d90579a,merchant
cancelled,balance,Rice Krispies,58a914541756fc834d90559c,,2.96,2016-12-07,57cf75cea73e494d8675ec49,58a943d81756fc834d90579b,merchant
cancelled,balance,Massage,58a914541756fc834d90559c,,27.94,2016-12-31,57cf75cea73e494d8675ec49,58a943d91756fc834d90579c,merchant
cancelled,balance,Cereal,58a914541756fc834d90559c,,2.08,2016-12-02,57cf75cea73e494d8675ec49,58a943d91756fc834d90579d,merchant
cancelled,balance,Juice,58a914541756fc834d90559c,,2.82,2016-12-25,57cf75cea73e494d8675ec49,58a943d91756fc834d90579e,merchant
cancelled,balance,Computer repair,58a914541756fc834d90559c,,59.29,2016-12-01,57cf75cea73e494d8675ec49,58a943d91756fc834d90579f,merchant
cancelled,balance,Computer repair,58a914541756fc834d90559c,,76.44,2016-12-23,57cf75cea73e494d8675ec49,58a943d91756fc834d9057a0,merchant
cancelled,balance,Fast food,58a914541756fc834d90559c,,9,2016-11-06,57cf75cea73e494d8675ec49,58a943d91756fc834d9057a1,merchant
cancelled,balance,Movie,58a914541756fc834d90559c,,24.57,2017-01-21,57cf75cea73e494d8675ec49,58a943d91756fc834d9057a2,merchant
cancelled,balance,Computer repair,58a914541756fc834d90559c,,60.35,2016-12-11,57cf75cea73e494d8675ec49,58a943d91756fc834d9057a3,merchant
cancelled,balance,Shirts,58a914541756fc834d90559c,,11.61,2017-01-28,57cf75cea73e494d8675ec49,58a943d91756fc834d9057a4,merchant
cancelled,balance,Fast food,58a914541756fc834d90559c,,6.93,2017-01-13,57cf75cea73e494d8675ec49,58a943d91756fc834d9057a5,merchant
cancelled,balance,Apples,58a914541756fc834d90559c,,4.25,2016-11-27,57cf75cea73e494d8675ec49,58a943d91756fc834d9057a6,merchant
cancelled,balance,Videogames,58a914541756fc834d90559c,,44.18,2016-11-24,57cf75cea73e494d8675ec49,58a943d91756fc834d9057a7,merchant
cancelled,balance,Movie,58a914541756fc834d90559c,,37.2,2017-01-17,57cf75cea73e494d8675ec49,58a943d91756fc834d9057a8,merchant
cancelled,balance,Pants,58a914541756fc834d90559c,,11.96,2016-12-29,57cf75cea73e494d8675ec49,58a943d91756fc834d9057a9,merchant
cancelled,balance,Car Wash,58a914541756fc834d90559c,,23.04,2017-01-18,57cf75cea73e494d8675ec49,58a943d91756fc834d9057aa,merchant
cancelled,balance,Computer repair,58a914541756fc834d90559c,,76.53,2016-12-31,57cf75cea73e494d8675ec49,58a943da1756fc834d9057ab,merchant
cancelled,balance,Cheese Stick,58a914541756fc834d90559c,,3.37,2016-12-10,57cf75cea73e494d8675ec49,58a943da1756fc834d9057ac,merchant
cancelled,balance,Jewelry,58a914541756fc834d90559c,,51.1,2017-01-24,57cf75cea73e494d8675ec49,58a943da1756fc834d9057ad,merchant
cancelled,balance,Videogames,58a914541756fc834d90559c,,59.87,2016-11-04,57cf75cea73e494d8675ec49,58a943da1756fc834d9057ae,merchant
cancelled,balance,Cereal,58a914541756fc834d90559c,,3.41,2016-11-14,57cf75cea73e494d8675ec49,58a943da1756fc834d9057af,merchant
cancelled,balance,Videogames,58a914541756fc834d90559c,,42.86,2016-12-22,57cf75cea73e494d8675ec49,58a943da1756fc834d9057b0,merchant
cancelled,balance,Pants,58a914541756fc834d90559c,,11.09,2016-12-26,57cf75cea73e494d8675ec49,58a943da1756fc834d9057b1,merchant
cancelled,balance,Massage,58a914541756fc834d90559c,,25.27,2016-11-21,57cf75cea73e494d8675ec49,58a943da1756fc834d9057b2,merchant
cancelled,balance,Tomatoes,58a914541756fc834d90559c,,3.83,2017-01-26,57cf75cea73e494d8675ec49,58a943da1756fc834d9057b3,merchant
cancelled,balance,Carrots,58a914541756fc834d90559c,,4.22,2017-01-17,57cf75cea73e494d8675ec49,58a943da1756fc834d9057b4,merchant
cancelled,balance,Cookies,58a914541756fc834d90559c,,2.68,2016-12-28,57cf75cea73e494d8675ec49,58a943da1756fc834d9057b5,merchant
cancelled,balance,Fast food,58a914541756fc834d90559c,,6.68,2016-11-26,57cf75cea73e494d8675ec49,58a943da1756fc834d9057b6,merchant
cancelled,balance,Lettuce,58a914541756fc834d90559c,,2.41,2016-11-05,57cf75cea73e494d8675ec49,58a943da1756fc834d9057b7,merchant
cancelled,balance,House repair,58a914541756fc834d90559c,,58.19,2017-01-29,57cf75cea73e494d8675ec49,58a943da1756fc834d9057b8,merchant
cancelled,balance,Computer repair,58a914541756fc834d90559c,,54.02,2016-12-22,57cf75cea73e494d8675ec49,58a943da1756fc834d9057b9,merchant
cancelled,balance,Videogames,58a914541756fc834d90559c,,40.78,2016-11-28,57cf75cea73e494d8675ec49,58a943da1756fc834d9057ba,merchant
cancelled,balance,Jewelry,58a914541756fc834d90559c,,43.24,2016-11-20,57cf75cea73e494d8675ec49,58a943db1756fc834d9057bb,merchant
cancelled,balance,Car Wash,58a914541756fc834d90559c,,28.94,2016-12-24,57cf75cea73e494d8675ec49,58a943db1756fc834d9057bc,merchant
cancelled,balance,Videogames,58a914541756fc834d90559c,,47.93,2017-01-24,57cf75cea73e494d8675ec49,58a943db1756fc834d9057bd,merchant
cancelled,balance,Formal dining,58a914541756fc834d90559c,,18.5,2016-11-18,57cf75cea73e494d8675ec49,58a943db1756fc834d9057be,merchant
cancelled,balance,Formal dining,58a914541756fc834d90559c,,18.94,2016-11-04,57cf75cea73e494d8675ec49,58a943db1756fc834d9057bf,merchant
cancelled,balance,Videogames,58a914541756fc834d90559c,,54.39,2016-12-31,57cf75cea73e494d8675ec49,58a943db1756fc834d9057c0,merchant
cancelled,balance,Cereal,58a914541756fc834d90559c,,3.46,2016-11-06,57cf75cea73e494d8675ec49,58a943db1756fc834d9057c1,merchant
cancelled,balance,Movie,58a914541756fc834d90559c,,20.7,2017-01-24,57cf75cea73e494d8675ec49,58a943db1756fc834d9057c2,merchant
cancelled,balance,Fast food,58a914541756fc834d90559c,,8.47,2017-01-09,57cf75cea73e494d8675ec49,58a943db1756fc834d9057c3,merchant
cancelled,balance,Computer repair,58a914541756fc834d90559c,,64.08,2016-12-09,57cf75cea73e494d8675ec49,58a943db1756fc834d9057c4,merchant
cancelled,balance,Rice Krispies,58a914541756fc834d90559c,,4.67,2017-01-16,57cf75cea73e494d8675ec49,58a943db1756fc834d9057c5,merchant
cancelled,balance,Fast food,58a914541756fc834d90559c,,8.25,2016-12-02,57cf75cea73e494d8675ec49,58a943db1756fc834d9057c6,merchant
cancelled,balance,Shirts,58a914541756fc834d90559c,,7.2,2016-12-31,57cf75cea73e494d8675ec49,58a943db1756fc834d9057c7,merchant
cancelled,balance,Mountain Dew,58a914541756fc834d90559c,,3.85,2016-11-25,57cf75cea73e494d8675ec49,58a943db1756fc834d9057c8,merchant
cancelled,balance,House repair,58a914541756fc834d90559c,,63.76,2016-11-29,57cf75cea73e494d8675ec49,58a943db1756fc834d9057c9,merchant
cancelled,balance,House repair,58a914541756fc834d90559c,,50.29,2016-11-23,57cf75cea73e494d8675ec49,58a943dc1756fc834d9057ca,merchant
cancelled,balance,Pork,58a914541756fc834d90559c,,4.67,2016-12-08,57cf75cea73e494d8675ec49,58a943dc1756fc834d9057cb,merchant
cancelled,balance,Oreos,58a914541756fc834d90559c,,2.39,2016-11-30,57cf75cea73e494d8675ec49,58a943dc1756fc834d9057cc,merchant
cancelled,balance,Movie,58a914541756fc834d90559c,,20.38,2016-12-26,57cf75cea73e494d8675ec49,58a943dc1756fc834d9057cd,merchant
cancelled,balance,Tanning,58a914541756fc834d90559c,,28.4,2016-12-04,57cf75cea73e494d8675ec49,58a943dc1756fc834d9057ce,merchant
cancelled,balance,Videogames,58a914541756fc834d90559c,,56.36,2016-12-22,57cf75cea73e494d8675ec49,58a943dc1756fc834d9057cf,merchant
cancelled,balance,Tanning,58a914541756fc834d90559c,,21.48,2016-11-29,57cf75cea73e494d8675ec49,58a943dc1756fc834d9057d0,merchant
cancelled,balance,Movie,58a914541756fc834d90559c,,37.65,2016-12-16,57cf75cea73e494d8675ec49,58a943dc1756fc834d9057d1,merchant
cancelled,balance,Formal dining,58a914541756fc834d90559c,,15.16,2017-01-10,57cf75cea73e494d8675ec49,58a943dc1756fc834d9057d2,merchant
cancelled,balance,House repair,58a914541756fc834d90559c,,56.54,2017-01-23,57cf75cea73e494d8675ec49,58a943dc1756fc834d9057d3,merchant
cancelled,balance,Nuts,58a914541756fc834d90559c,,3.49,2016-12-28,57cf75cea73e494d8675ec49,58a943dc1756fc834d9057d4,merchant
cancelled,balance,House repair,58a914541756fc834d90559c,,76.5,2017-01-24,57cf75cea73e494d8675ec49,58a943dc1756fc834d9057d5,merchant
cancelled,balance,Car Wash,58a914541756fc834d90559c,,26.64,2016-11-26,57cf75cea73e494d8675ec49,58a943dc1756fc834d9057d6,merchant
cancelled,balance,Skittles,58a914541756fc834d90559c,,4.52,2017-01-15,57cf75cea73e494d8675ec49,58a943dc1756fc834d9057d7,merchant
cancelled,balance,Fast food,58a914541756fc834d90559c,,8.5,2017-01-05,57cf75cea73e494d8675ec49,58a943dc1756fc834d9057d8,merchant
cancelled,balance,Popsicle,58a914541756fc834d90559c,,3.17,2016-12-01,57cf75cea73e494d8675ec49,58a943dd1756fc834d9057d9,merchant
cancelled,balance,Granola Bar,58a914541756fc834d90559c,,4.54,2016-11-05,57cf75cea73e494d8675ec49,58a943dd1756fc834d9057da,merchant
cancelled,balance,Formal dining,58a914541756fc834d90559c,,16.86,2016-11-15,57cf75cea73e494d8675ec49,58a943dd1756fc834d9057db,merchant
cancelled,balance,Jewelry,58a914541756fc834d90559c,,53.99,2016-12-26,57cf75cea73e494d8675ec49,58a943dd1756fc834d9057dc,merchant
cancelled,balance,Formal dining,58a914541756fc834d90559c,,19.31,2017-01-16,57cf75cea73e494d8675ec49,58a943dd1756fc834d9057dd,merchant
cancelled,balance,Fast food,58a914541756fc834d90559c,,9.16,2016-12-26,57cf75cea73e494d8675ec49,58a943dd1756fc834d9057de,merchant
cancelled,balance,Jewelry,58a914541756fc834d90559c,,52.56,2016-12-12,57cf75cea73e494d8675ec49,58a943dd1756fc834d9057df,merchant
cancelled,balance,Formal dining,58a914541756fc834d90559c,,17.65,2017-01-14,57cf75cea73e494d8675ec49,58a943dd1756fc834d9057e0,merchant
cancelled,balance,Massage,58a914541756fc834d90559c,,36.24,2016-12-17,57cf75cea73e494d8675ec49,58a943dd1756fc834d9057e1,merchant
cancelled,balance,Fast food,58a914541756fc834d90559c,,9.25,2016-12-28,57cf75cea73e494d8675ec49,58a943dd1756fc834d9057e2,merchant
cancelled,balance,Oranges,58a914541756fc834d90559c,,3.42,2016-12-25,57cf75cea73e494d8675ec49,58a943dd1756fc834d9057e3,merchant
cancelled,balance,Movie,58a914541756fc834d90559c,,39.05,2016-12-07,57cf75cea73e494d8675ec49,58a943dd1756fc834d9057e4,merchant
cancelled,balance,Jewelry,58a914541756fc834d90559c,,42.57,2016-11-07,57cf75cea73e494d8675ec49,58a943dd1756fc834d9057e5,merchant
cancelled,balance,Chicken,58a914541756fc834d90559c,,2.93,2016-12-28,57cf75cea73e494d8675ec49,58a943dd1756fc834d9057e6,merchant
cancelled,balance,Fast food,58a914541756fc834d90559c,,6.5,2016-11-21,57cf75cea73e494d8675ec49,58a943dd1756fc834d9057e7,merchant
cancelled,balance,Computer repair,58a914541756fc834d90559c,,54.6,2017-01-18,57cf75cea73e494d8675ec49,58a943de1756fc834d9057e8,merchant
cancelled,balance,Fast food,58a914541756fc834d90559c,,6.37,2016-11-09,57cf75cea73e494d8675ec49,58a943de1756fc834d9057e9,merchant
cancelled,balance,Underwear,58a914541756fc834d90559c,,10.82,2016-12-01,57cf75cea73e494d8675ec49,58a943de1756fc834d9057ea,merchant
cancelled,balance,House repair,58a914541756fc834d90559c,,68.01,2016-11-23,57cf75cea73e494d8675ec49,58a943de1756fc834d9057eb,merchant
cancelled,balance,Gym membership,58a914541756fc834d90559c,,21.7,2017-01-03,57cf75cea73e494d8675ec49,58a943de1756fc834d9057ec,merchant
cancelled,balance,Formal dining,58a914541756fc834d90559c,,17.26,2017-01-04,57cf75cea73e494d8675ec49,58a943de1756fc834d9057ed,merchant
cancelled,balance,House repair,58a914541756fc834d90559c,,61.92,2016-12-29,57cf75cea73e494d8675ec49,58a943de1756fc834d9057ee,merchant
cancelled,balance,Goldfish,58a914541756fc834d90559c,,2,2016-11-16,57cf75cea73e494d8675ec49,58a943de1756fc834d9057ef,merchant
cancelled,balance,Donuts,58a914541756fc834d90559c,,2.43,2016-11-13,57cf75cea73e494d8675ec49,58a943de1756fc834d9057f0,merchant
cancelled,balance,Goldfish,58a914541756fc834d90559c,,4.31,2016-11-24,57cf75cea73e494d8675ec49,58a943de1756fc834d9057f1,merchant
cancelled,balance,Videogames,58a914541756fc834d90559c,,53.04,2017-01-10,57cf75cea73e494d8675ec49,58a943de1756fc834d9057f2,merchant
cancelled,balance,Videogames,58a914541756fc834d90559c,,58.4,2017-01-19,57cf75cea73e494d8675ec49,58a943de1756fc834d9057f3,merchant
cancelled,balance,Fast food,58a914541756fc834d90559c,,7.89,2016-12-17,57cf75cea73e494d8675ec49,58a943de1756fc834d9057f4,merchant
cancelled,balance,Cheese Stick,58a914541756fc834d90559c,,2.59,2016-11-19,57cf75cea73e494d8675ec49,58a943de1756fc834d9057f5,merchant
cancelled,balance,Shirts,58a914541756fc834d90559c,,10.54,2016-12-12,57cf75cea73e494d8675ec49,58a943df1756fc834d9057f6,merchant
cancelled,balance,Formal dining,58a914541756fc834d90559c,,19.75,2016-11-11,57cf75cea73e494d8675ec49,58a943df1756fc834d9057f7,merchant
cancelled,balance,Fast food,58a914541756fc834d90559c,,8.89,2017-01-06,57cf75cea73e494d8675ec49,58a943df1756fc834d9057f8,merchant
cancelled,balance,Gym membership,58a914541756fc834d90559c,,22.17,2016-11-28,57cf75cea73e494d8675ec49,58a943df1756fc834d9057f9,merchant
cancelled,balance,Shirts,58a914541756fc834d90559c,,5.75,2016-11-07,57cf75cea73e494d8675ec49,58a943df1756fc834d9057fa,merchant
cancelled,balance,Pants,58a914541756fc834d90559c,,11.76,2016-11-25,57cf75cea73e494d8675ec49,58a943df1756fc834d9057fb,merchant
cancelled,balance,Skittles,58a914541756fc834d90559c,,4.86,2016-11-06,57cf75cea73e494d8675ec49,58a943df1756fc834d9057fc,merchant
cancelled,balance,Chicken,58a914541756fc834d90559c,,4.97,2017-01-30,57cf75cea73e494d8675ec49,58a943df1756fc834d9057fd,merchant
cancelled,balance,Car repair,58a914541756fc834d90559c,,51.79,2017-01-13,57cf75cea73e494d8675ec49,58a943df1756fc834d9057fe,merchant
cancelled,balance,Gym membership,58a914541756fc834d90559c,,38.29,2016-11-11,57cf75cea73e494d8675ec49,58a943df1756fc834d9057ff,merchant
cancelled,balance,House repair,58a914541756fc834d90559c,,51.98,2016-12-05,57cf75cea73e494d8675ec49,58a943df1756fc834d905800,merchant
cancelled,balance,Movie,58a914541756fc834d90559c,,36.79,2016-11-07,57cf75cea73e494d8675ec49,58a943df1756fc834d905801,merchant
cancelled,balance,Gym membership,58a914541756fc834d90559c,,30.21,2017-01-23,57cf75cea73e494d8675ec49,58a943df1756fc834d905802,merchant
cancelled,balance,Shirts,58a914541756fc834d90559c,,9.7,2017-01-17,57cf75cea73e494d8675ec49,58a943df1756fc834d905803,merchant
cancelled,balance,Fast food,58a914541756fc834d90559c,,9.22,2017-01-23,57cf75cea73e494d8675ec49,58a943df1756fc834d905804,merchant
cancelled,balance,Shirts,58a914541756fc834d90559c,,7.35,2017-01-03,57cf75cea73e494d8675ec49,58a943df1756fc834d905805,merchant
cancelled,balance,Sprite,58a914541756fc834d90559c,,2.77,2016-11-19,57cf75cea73e494d8675ec49,58a943e01756fc834d905806,merchant
cancelled,balance,Oranges,58a914541756fc834d90559c,,4.56,2016-12-14,57cf75cea73e494d8675ec49,58a943e01756fc834d905807,merchant
cancelled,balance,Shirts,58a914541756fc834d90559c,,7.84,2016-11-10,57cf75cea73e494d8675ec49,58a943e01756fc834d905808,merchant
cancelled,balance,Videogames,58a914541756fc834d90559c,,53.91,2017-01-20,57cf75cea73e494d8675ec49,58a943e01756fc834d905809,merchant
cancelled,balance,Cereal,58a914541756fc834d90559c,,2.52,2016-11-29,57cf75cea73e494d8675ec49,58a943e01756fc834d90580a,merchant
cancelled,balance,Coke,58a914541756fc834d90559c,,4.56,2016-12-02,57cf75cea73e494d8675ec49,58a943e01756fc834d90580b,merchant
cancelled,balance,Cabbage,58a914541756fc834d90559c,,2.22,2016-11-07,57cf75cea73e494d8675ec49,58a943e01756fc834d90580c,merchant
cancelled,balance,Fast food,58a914541756fc834d90559c,,6.58,2016-12-14,57cf75cea73e494d8675ec49,58a943e01756fc834d90580d,merchant
cancelled,balance,Shirts,58a914541756fc834d90559c,,9.1,2017-01-18,57cf75cea73e494d8675ec49,58a943e01756fc834d90580e,merchant
cancelled,balance,House repair,58a914541756fc834d90559c,,77.04,2017-01-20,57cf75cea73e494d8675ec49,58a943e01756fc834d90580f,merchant
cancelled,balance,House repair,58a914541756fc834d90559c,,69.43,2016-11-01,57cf75cea73e494d8675ec49,58a943e01756fc834d905810,merchant
cancelled,balance,Computer repair,58a914541756fc834d90559c,,61.53,2017-01-10,57cf75cea73e494d8675ec49,58a943e01756fc834d905811,merchant
cancelled,balance,Gym membership,58a914541756fc834d90559c,,35.39,2016-12-22,57cf75cea73e494d8675ec49,58a943e01756fc834d905812,merchant
cancelled,balance,Car repair,58a914541756fc834d90559c,,73.43,2016-11-15,57cf75cea73e494d8675ec49,58a943e01756fc834d905813,merchant
cancelled,balance,Popsicle,58a914541756fc834d90559c,,3.98,2016-11-25,57cf75cea73e494d8675ec49,58a943e01756fc834d905814,merchant
cancelled,balance,Cheez - Its,58a914541756fc834d90559c,,4.03,2017-01-17,57cf75cea73e494d8675ec49,58a943e11756fc834d905815,merchant
cancelled,balance,Shirts,58a914541756fc834d90559c,,13.64,2016-12-03,57cf75cea73e494d8675ec49,58a943e11756fc834d905816,merchant
cancelled,balance,Pants,58a914541756fc834d90559c,,6.93,2016-11-14,57cf75cea73e494d8675ec49,58a943e11756fc834d905817,merchant
cancelled,balance,House repair,58a914541756fc834d90559c,,66.1,2016-12-15,57cf75cea73e494d8675ec49,58a943e11756fc834d905818,merchant
cancelled,balance,Popsicle,58a914541756fc834d90559c,,3.76,2016-12-19,57cf75cea73e494d8675ec49,58a943e11756fc834d905819,merchant
cancelled,balance,Cabbage,58a914541756fc834d90559c,,3.56,2016-11-02,57cf75cea73e494d8675ec49,58a943e11756fc834d90581a,merchant
cancelled,balance,Shirts,58a914541756fc834d90559c,,11.93,2017-01-19,57cf75cea73e494d8675ec49,58a943e11756fc834d90581b,merchant
cancelled,balance,Ritz,58a914541756fc834d90559c,,3.65,2016-12-24,57cf75cea73e494d8675ec49,58a943e11756fc834d90581c,merchant
cancelled,balance,Computer repair,58a914541756fc834d90559c,,62.8,2016-12-11,57cf75cea73e494d8675ec49,58a943e11756fc834d90581d,merchant
cancelled,balance,Formal dining,58a914541756fc834d90559c,,19.22,2016-11-26,57cf75cea73e494d8675ec49,58a943e11756fc834d90581e,merchant
cancelled,balance,Videogames,58a914541756fc834d90559c,,52.84,2016-11-23,57cf75cea73e494d8675ec49,58a943e11756fc834d90581f,merchant
cancelled,balance,House repair,58a914541756fc834d90559c,,77.19,2017-01-30,57cf75cea73e494d8675ec49,58a943e11756fc834d905820,merchant
cancelled,balance,Massage,58a914541756fc834d90559c,,23.29,2016-12-30,57cf75cea73e494d8675ec49,58a943e11756fc834d905821,merchant
cancelled,balance,Jewelry,58a914541756fc834d90559c,,47.95,2016-12-20,57cf75cea73e494d8675ec49,58a943e11756fc834d905822,merchant
cancelled,balance,Jewelry,58a914541756fc834d90559c,,41.25,2016-12-13,57cf75cea73e494d8675ec49,58a943e21756fc834d905823,merchant
cancelled,balance,Fast food,58a914541756fc834d90559c,,7.06,2016-12-19,57cf75cea73e494d8675ec49,58a943e21756fc834d905824,merchant
cancelled,balance,Jewelry,58a914541756fc834d90559c,,50.65,2017-01-23,57cf75cea73e494d8675ec49,58a943e21756fc834d905825,merchant
cancelled,balance,House repair,58a914541756fc834d90559c,,54.11,2017-01-12,57cf75cea73e494d8675ec49,58a943e21756fc834d905826,merchant
cancelled,balance,Formal dining,58a914541756fc834d90559c,,15.12,2016-12-15,57cf75cea73e494d8675ec49,58a943e21756fc834d905827,merchant
cancelled,balance,Formal dining,58a914541756fc834d90559c,,16.25,2016-11-05,57cf75cea73e494d8675ec49,58a943e21756fc834d905828,merchant
cancelled,balance,Apples,58a914541756fc834d90559c,,2.87,2016-11-08,57cf75cea73e494d8675ec49,58a943e21756fc834d905829,merchant
cancelled,balance,Computer repair,58a914541756fc834d90559c,,78.84,2016-11-16,57cf75cea73e494d8675ec49,58a943e21756fc834d90582a,merchant
cancelled,balance,Car repair,58a914541756fc834d90559c,,68.43,2017-01-26,57cf75cea73e494d8675ec49,58a943e21756fc834d90582b,merchant
cancelled,balance,Apples,58a914541756fc834d90559c,,2.41,2016-11-25,57cf75cea73e494d8675ec49,58a943e21756fc834d90582c,merchant
cancelled,balance,Gym membership,58a914541756fc834d90559c,,20.68,2016-11-07,57cf75cea73e494d8675ec49,58a943e21756fc834d90582d,merchant
cancelled,balance,Pork,58a914541756fc834d90559c,,4.24,2017-01-03,57cf75cea73e494d8675ec49,58a943e21756fc834d90582e,merchant
cancelled,balance,Jewelry,58a914541756fc834d90559c,,51.95,2016-11-16,57cf75cea73e494d8675ec49,58a943e21756fc834d90582f,merchant
cancelled,balance,Computer repair,58a914541756fc834d90559c,,51.39,2016-12-12,57cf75cea73e494d8675ec49,58a943e21756fc834d905830,merchant
cancelled,balance,Movie,58a914541756fc834d90559c,,30.67,2016-12-05,57cf75cea73e494d8675ec49,58a943e21756fc834d905831,merchant
cancelled,balance,Formal dining,58a914541756fc834d90559c,,16.95,2016-12-26,57cf75cea73e494d8675ec49,58a943e31756fc834d905832,merchant
cancelled,balance,Jewelry,58a914541756fc834d90559c,,49.12,2017-01-29,57cf75cea73e494d8675ec49,58a943e31756fc834d905833,merchant
cancelled,balance,Pants,58a914541756fc834d90559c,,14.63,2016-12-19,57cf75cea73e494d8675ec49,58a943e31756fc834d905834,merchant
cancelled,balance,Fast food,58a914541756fc834d90559c,,8.72,2016-12-12,57cf75cea73e494d8675ec49,58a943e31756fc834d905835,merchant
cancelled,balance,Car Wash,58a914541756fc834d90559c,,31.45,2017-01-13,57cf75cea73e494d8675ec49,58a943e31756fc834d905836,merchant
cancelled,balance,Jewelry,58a914541756fc834d90559c,,53.5,2016-12-15,57cf75cea73e494d8675ec49,58a943e31756fc834d905837,merchant
cancelled,balance,Videogames,58a914541756fc834d90559c,,44.45,2016-12-08,57cf75cea73e494d8675ec49,58a943e31756fc834d905838,merchant
cancelled,balance,Massage,58a914541756fc834d90559c,,27.82,2016-11-30,57cf75cea73e494d8675ec49,58a943e31756fc834d905839,merchant
cancelled,balance,Computer repair,58a914541756fc834d90559c,,64.6,2017-01-23,57cf75cea73e494d8675ec49,58a943e31756fc834d90583a,merchant
cancelled,balance,Car Wash,58a914541756fc834d90559c,,27.44,2017-01-24,57cf75cea73e494d8675ec49,58a943e31756fc834d90583b,merchant
cancelled,balance,Movie,58a914541756fc834d90559c,,26.01,2016-12-22,57cf75cea73e494d8675ec49,58a943e31756fc834d90583c,merchant
cancelled,balance,Formal dining,58a914541756fc834d90559c,,18.42,2016-11-30,57cf75cea73e494d8675ec49,58a943e31756fc834d90583d,merchant
cancelled,balance,Cheese Stick,58a914541756fc834d90559c,,4.42,2016-12-31,57cf75cea73e494d8675ec49,58a943e31756fc834d90583e,merchant
cancelled,balance,Car repair,58a914541756fc834d90559c,,59,2016-11-17,57cf75cea73e494d8675ec49,58a943e31756fc834d90583f,merchant
cancelled,balance,House repair,58a914541756fc834d90559c,,69.36,2016-11-25,57cf75cea73e494d8675ec49,58a943e31756fc834d905840,merchant
cancelled,balance,Pants,58a914541756fc834d90559c,,6.95,2016-12-26,57cf75cea73e494d8675ec49,58a943e41756fc834d905841,merchant
cancelled,balance,Shirts,58a914541756fc834d90559c,,11.9,2016-11-04,57cf75cea73e494d8675ec49,58a943e41756fc834d905842,merchant
cancelled,balance,Videogames,58a914541756fc834d90559c,,48.46,2016-12-05,57cf75cea73e494d8675ec49,58a943e41756fc834d905843,merchant
cancelled,balance,Computer repair,58a914541756fc834d90559c,,75.03,2016-12-25,57cf75cea73e494d8675ec49,58a943e41756fc834d905844,merchant
cancelled,balance,Detergent,58a914541756fc834d90559c,,11.79,2016-12-29,57cf75cea73e494d8675ec49,58a943e41756fc834d905845,merchant
cancelled,balance,Mountain Dew,58a914541756fc834d90559c,,2.44,2016-12-26,57cf75cea73e494d8675ec49,58a943e41756fc834d905846,merchant
cancelled,balance,Brussels Sprouts,58a914541756fc834d90559c,,4.12,2016-11-03,57cf75cea73e494d8675ec49,58a943e41756fc834d905847,merchant
cancelled,balance,Car Wash,58a914541756fc834d90559c,,32.81,2017-01-29,57cf75cea73e494d8675ec49,58a943e41756fc834d905848,merchant
cancelled,balance,Tomatoes,58a914541756fc834d90559c,,2.24,2016-11-30,57cf75cea73e494d8675ec49,58a943e41756fc834d905849,merchant
cancelled,balance,House repair,58a914541756fc834d90559c,,59.94,2016-12-22,57cf75cea73e494d8675ec49,58a943e41756fc834d90584a,merchant
cancelled,balance,Nuts,58a914541756fc834d90559c,,4.7,2017-01-07,57cf75cea73e494d8675ec49,58a943e41756fc834d90584b,merchant
cancelled,balance,Pants,58a914541756fc834d90559c,,12.94,2016-11-13,57cf75cea73e494d8675ec49,58a943e41756fc834d90584c,merchant
cancelled,balance,Ice Cream,58a914541756fc834d90559c,,2.54,2017-01-18,57cf75cea73e494d8675ec49,58a943e41756fc834d90584d,merchant
cancelled,balance,Tomatoes,58a914541756fc834d90559c,,3.95,2016-11-09,57cf75cea73e494d8675ec49,58a943e41756fc834d90584e,merchant
cancelled,balance,Computer repair,58a914541756fc834d90559c,,60.21,2017-01-15,57cf75cea73e494d8675ec49,58a943e41756fc834d90584f,merchant
cancelled,balance,Lettuce,58a914541756fc834d90559c,,4.19,2016-11-16,57cf75cea73e494d8675ec49,58a943e51756fc834d905850,merchant
cancelled,balance,Chicken,58a914541756fc834d90559c,,2.17,2016-11-29,57cf75cea73e494d8675ec49,58a943e51756fc834d905851,merchant
cancelled,balance,Computer repair,58a914541756fc834d90559c,,71.45,2016-12-30,57cf75cea73e494d8675ec49,58a943e51756fc834d905852,merchant
cancelled,balance,Car Wash,58a914541756fc834d90559c,,28.7,2016-11-06,57cf75cea73e494d8675ec49,58a943e51756fc834d905853,merchant
cancelled,balance,Peas,58a914541756fc834d90559c,,4.44,2016-11-10,57cf75cea73e494d8675ec49,58a943e51756fc834d905854,merchant
cancelled,balance,Detergent,58a914541756fc834d90559c,,7.85,2016-11-11,57cf75cea73e494d8675ec49,58a943e51756fc834d905855,merchant
cancelled,balance,Skittles,58a914541756fc834d90559c,,4.66,2016-12-19,57cf75cea73e494d8675ec49,58a943e51756fc834d905856,merchant
cancelled,balance,Formal dining,58a914541756fc834d90559c,,19.64,2016-12-18,57cf75cea73e494d8675ec49,58a943e51756fc834d905857,merchant
cancelled,balance,Jewelry,58a914541756fc834d90559c,,46.57,2016-12-05,57cf75cea73e494d8675ec49,58a943e51756fc834d905858,merchant
cancelled,balance,House repair,58a914541756fc834d90559c,,58.69,2017-01-07,57cf75cea73e494d8675ec49,58a943e51756fc834d905859,merchant
cancelled,balance,Shirts,58a914541756fc834d90559c,,6.6,2016-12-12,57cf75cea73e494d8675ec49,58a943e51756fc834d90585a,merchant
cancelled,balance,Goldfish,58a914541756fc834d90559c,,4.88,2017-01-08,57cf75cea73e494d8675ec49,58a943e51756fc834d90585b,merchant
cancelled,balance,House repair,58a914541756fc834d90559c,,69.14,2016-12-09,57cf75cea73e494d8675ec49,58a943e51756fc834d90585c,merchant
cancelled,balance,Ice Cream,58a914541756fc834d90559c,,4.85,2017-01-01,57cf75cea73e494d8675ec49,58a943e51756fc834d90585d,merchant
cancelled,balance,Videogames,58a914541756fc834d90559c,,48.18,2016-12-01,57cf75cea73e494d8675ec49,58a943e51756fc834d90585e,merchant
cancelled,balance,Jewelry,58a914541756fc834d90559c,,55.17,2017-01-22,57cf75cea73e494d8675ec49,58a943e61756fc834d90585f,merchant
cancelled,balance,Detergent,58a914541756fc834d90559c,,8.84,2016-11-04,57cf75cea73e494d8675ec49,58a943e61756fc834d905860,merchant
cancelled,balance,Sprite,58a914541756fc834d90559c,,4.4,2017-01-18,57cf75cea73e494d8675ec49,58a943e61756fc834d905861,merchant
cancelled,balance,House repair,58a914541756fc834d90559c,,79.92,2016-11-24,57cf75cea73e494d8675ec49,58a943e61756fc834d905862,merchant
cancelled,balance,House repair,58a914541756fc834d90559c,,69.05,2017-01-06,57cf75cea73e494d8675ec49,58a943e61756fc834d905863,merchant
cancelled,balance,Juice,58a914541756fc834d90559c,,3.63,2016-11-15,57cf75cea73e494d8675ec49,58a943e61756fc834d905864,merchant
cancelled,balance,Goldfish,58a914541756fc834d90559c,,2.23,2016-11-22,57cf75cea73e494d8675ec49,58a943e61756fc834d905865,merchant
cancelled,balance,Jewelry,58a914541756fc834d90559c,,43.84,2016-12-30,57cf75cea73e494d8675ec49,58a943e61756fc834d905866,merchant
cancelled,balance,Underwear,58a914541756fc834d90559c,,10.4,2016-12-12,57cf75cea73e494d8675ec49,58a943e61756fc834d905867,merchant
cancelled,balance,Detergent,58a914541756fc834d90559c,,13.9,2016-12-02,57cf75cea73e494d8675ec49,58a943e61756fc834d905868,merchant
cancelled,balance,Underwear,58a914541756fc834d90559c,,8.37,2016-12-03,57cf75cea73e494d8675ec49,58a943e61756fc834d905869,merchant
cancelled,balance,Jewelry,58a914541756fc834d90559c,,53.17,2017-01-12,57cf75cea73e494d8675ec49,58a943e61756fc834d90586a,merchant
cancelled,balance,Car repair,58a914541756fc834d90559c,,59.71,2016-11-11,57cf75cea73e494d8675ec49,58a943e71756fc834d90586b,merchant
cancelled,balance,Broccoli,58a914541756fc834d90559c,,4.36,2016-12-27,57cf75cea73e494d8675ec49,58a943e71756fc834d90586c,merchant
cancelled,balance,Fast food,58a914541756fc834d90559c,,7.81,2016-11-22,57cf75cea73e494d8675ec49,58a943e71756fc834d90586d,merchant
cancelled,balance,Tomatoes,58a914541756fc834d90559c,,2.91,2016-12-25,57cf75cea73e494d8675ec49,58a943e71756fc834d90586e,merchant
cancelled,balance,Pants,58a914541756fc834d90559c,,8.96,2017-01-30,57cf75cea73e494d8675ec49,58a943e71756fc834d90586f,merchant
cancelled,balance,Lettuce,58a914541756fc834d90559c,,2.58,2016-12-10,57cf75cea73e494d8675ec49,58a943e71756fc834d905870,merchant
cancelled,balance,Granola Bar,58a914541756fc834d90559c,,4.06,2016-12-30,57cf75cea73e494d8675ec49,58a943e71756fc834d905871,merchant
cancelled,balance,Pants,58a914541756fc834d90559c,,7.31,2017-01-29,57cf75cea73e494d8675ec49,58a943e71756fc834d905872,merchant
cancelled,balance,Videogames,58a914541756fc834d90559c,,53.98,2017-01-10,57cf75cea73e494d8675ec49,58a943e71756fc834d905873,merchant
cancelled,balance,Car repair,58a914541756fc834d90559c,,76.92,2016-11-06,57cf75cea73e494d8675ec49,58a943e71756fc834d905874,merchant
cancelled,balance,Gym membership,58a914541756fc834d90559c,,34.78,2016-11-06,57cf75cea73e494d8675ec49,58a943e71756fc834d905875,merchant
cancelled,balance,Fast food,58a914541756fc834d90559c,,8.77,2016-11-02,57cf75cea73e494d8675ec49,58a943e71756fc834d905876,merchant
cancelled,balance,Cheetos,58a914541756fc834d90559c,,4.12,2017-01-30,57cf75cea73e494d8675ec49,58a943e71756fc834d905877,merchant
cancelled,balance,Fast food,58a914541756fc834d90559c,,7.28,2016-12-22,57cf75cea73e494d8675ec49,58a943e71756fc834d905878,merchant
cancelled,balance,Videogames,58a914541756fc834d90559c,,56.66,2016-11-06,57cf75cea73e494d8675ec49,58a943e71756fc834d905879,merchant
cancelled,balance,Car Wash,58a914541756fc834d90559c,,23.76,2016-12-19,57cf75cea73e494d8675ec49,58a943e71756fc834d90587a,merchant
cancelled,balance,Eggs,58a914541756fc834d90559c,,3.29,2016-11-15,57cf75cea73e494d8675ec49,58a943e81756fc834d90587b,merchant
cancelled,balance,Milk,58a914541756fc834d90559c,,2.46,2017-01-17,57cf75cea73e494d8675ec49,58a943e81756fc834d90587c,merchant
cancelled,balance,Shirts,58a914541756fc834d90559c,,14.47,2017-01-10,57cf75cea73e494d8675ec49,58a943e81756fc834d90587d,merchant
cancelled,balance,House repair,58a914541756fc834d90559c,,69.98,2016-12-28,57cf75cea73e494d8675ec49,58a943e81756fc834d90587e,merchant
cancelled,balance,Cereal,58a914541756fc834d90559c,,4.19,2017-01-10,57cf75cea73e494d8675ec49,58a943e81756fc834d90587f,merchant
cancelled,balance,Jewelry,58a914541756fc834d90559c,,51.25,2016-11-15,57cf75cea73e494d8675ec49,58a943e81756fc834d905880,merchant
cancelled,balance,Tanning,58a914541756fc834d90559c,,36.36,2016-11-07,57cf75cea73e494d8675ec49,58a943e81756fc834d905881,merchant
cancelled,balance,Videogames,58a914541756fc834d90559c,,42.65,2017-01-20,57cf75cea73e494d8675ec49,58a943e81756fc834d905882,merchant
cancelled,balance,Sprite,58a914541756fc834d90559c,,3.84,2016-11-26,57cf75cea73e494d8675ec49,58a943e81756fc834d905883,merchant
cancelled,balance,Cosmic Brownies,58a914541756fc834d90559c,,3.85,2016-11-01,57cf75cea73e494d8675ec49,58a943e81756fc834d905884,merchant
cancelled,balance,Jewelry,58a914541756fc834d90559c,,49.81,2016-11-30,57cf75cea73e494d8675ec49,58a943e81756fc834d905885,merchant
cancelled,balance,Fast food,58a914541756fc834d90559c,,8.11,2016-12-18,57cf75cea73e494d8675ec49,58a943e81756fc834d905886,merchant
cancelled,balance,Videogames,58a914541756fc834d90559c,,56.26,2017-01-04,57cf75cea73e494d8675ec49,58a943e81756fc834d905887,merchant
cancelled,balance,Jewelry,58a914541756fc834d90559c,,41.62,2016-12-21,57cf75cea73e494d8675ec49,58a943e81756fc834d905888,merchant
cancelled,balance,House repair,58a914541756fc834d90559c,,71.08,2016-12-24,57cf75cea73e494d8675ec49,58a943e81756fc834d905889,merchant
cancelled,balance,Goldfish,58a914541756fc834d90559c,,4.97,2016-12-26,57cf75cea73e494d8675ec49,58a943e91756fc834d90588a,merchant
cancelled,balance,Car repair,58a914541756fc834d90559c,,78.75,2016-11-04,57cf75cea73e494d8675ec49,58a943e91756fc834d90588b,merchant
cancelled,balance,Massage,58a914541756fc834d90559c,,23.37,2017-01-29,57cf75cea73e494d8675ec49,58a943e91756fc834d90588c,merchant
cancelled,balance,Car Wash,58a914541756fc834d90559c,,30.96,2016-12-23,57cf75cea73e494d8675ec49,58a943e91756fc834d90588d,merchant
cancelled,balance,Gym membership,58a914541756fc834d90559c,,21.07,2016-11-01,57cf75cea73e494d8675ec49,58a943e91756fc834d90588e,merchant
cancelled,balance,Massage,58a914541756fc834d90559c,,28.71,2016-11-30,57cf75cea73e494d8675ec49,58a943e91756fc834d90588f,merchant
cancelled,balance,Computer repair,58a914541756fc834d90559c,,51.14,2016-12-10,57cf75cea73e494d8675ec49,58a943e91756fc834d905890,merchant
cancelled,balance,Juice,58a914541756fc834d90559c,,4.69,2016-11-22,57cf75cea73e494d8675ec49,58a943e91756fc834d905891,merchant
cancelled,balance,Computer repair,58a914541756fc834d90559c,,71.21,2016-12-07,57cf75cea73e494d8675ec49,58a943e91756fc834d905892,merchant
cancelled,balance,Tomatoes,58a914541756fc834d90559c,,3.33,2017-01-07,57cf75cea73e494d8675ec49,58a943e91756fc834d905893,merchant
cancelled,balance,Car repair,58a914541756fc834d90559c,,72.92,2016-12-08,57cf75cea73e494d8675ec49,58a943e91756fc834d905894,merchant
cancelled,balance,Beef,58a914541756fc834d90559c,,2.37,2016-12-12,57cf75cea73e494d8675ec49,58a943e91756fc834d905895,merchant
cancelled,balance,Skittles,58a914541756fc834d90559c,,3.02,2017-01-29,57cf75cea73e494d8675ec49,58a943e91756fc834d905896,merchant
cancelled,balance,Jewelry,58a914541756fc834d90559c,,46.11,2017-01-20,57cf75cea73e494d8675ec49,58a943ea1756fc834d905897,merchant
cancelled,balance,Formal dining,58a914541756fc834d90559c,,15.43,2016-12-09,57cf75cea73e494d8675ec49,58a943ea1756fc834d905898,merchant
cancelled,balance,Car repair,58a914541756fc834d90559c,,55.17,2016-12-22,57cf75cea73e494d8675ec49,58a943ea1756fc834d905899,merchant
cancelled,balance,Cheetos,58a914541756fc834d90559c,,4.65,2017-01-02,57cf75cea73e494d8675ec49,58a943ea1756fc834d90589a,merchant
cancelled,balance,Cheez - Its,58a914541756fc834d90559c,,3.31,2017-01-11,57cf75cea73e494d8675ec49,58a943ea1756fc834d90589b,merchant
cancelled,balance,Pants,58a914541756fc834d90559c,,11.9,2017-01-01,57cf75cea73e494d8675ec49,58a943ea1756fc834d90589c,merchant
cancelled,balance,Beef,58a914541756fc834d90559c,,2.19,2016-11-01,57cf75cea73e494d8675ec49,58a943ea1756fc834d90589d,merchant
cancelled,balance,Popsicle,58a914541756fc834d90559c,,2.97,2017-01-23,57cf75cea73e494d8675ec49,58a943ea1756fc834d90589e,merchant
cancelled,balance,Fast food,58a914541756fc834d90559c,,8.23,2016-12-26,57cf75cea73e494d8675ec49,58a943ea1756fc834d90589f,merchant
cancelled,balance,Tomatoes,58a914541756fc834d90559c,,4.8,2016-12-09,57cf75cea73e494d8675ec49,58a943ea1756fc834d9058a0,merchant
cancelled,balance,Apples,58a914541756fc834d90559c,,3.89,2016-12-29,57cf75cea73e494d8675ec49,58a943ea1756fc834d9058a1,merchant
cancelled,balance,Jewelry,58a914541756fc834d90559c,,53.5,2016-12-19,57cf75cea73e494d8675ec49,58a943ea1756fc834d9058a2,merchant
cancelled,balance,Formal dining,58a914541756fc834d90559c,,16.43,2016-12-12,57cf75cea73e494d8675ec49,58a943ea1756fc834d9058a3,merchant
cancelled,balance,Gym membership,58a914541756fc834d90559c,,39.4,2016-12-22,57cf75cea73e494d8675ec49,58a943ea1756fc834d9058a4,merchant
cancelled,balance,Detergent,58a914541756fc834d90559c,,13.55,2017-01-17,57cf75cea73e494d8675ec49,58a943ea1756fc834d9058a5,merchant
cancelled,balance,Jewelry,58a914541756fc834d90559c,,42.68,2016-12-02,57cf75cea73e494d8675ec49,58a943ea1756fc834d9058a6,merchant
cancelled,balance,Movie,58a914541756fc834d90559c,,28.72,2017-01-27,57cf75cea73e494d8675ec49,58a943eb1756fc834d9058a7,merchant
cancelled,balance,Pants,58a914541756fc834d90559c,,13.17,2016-12-30,57cf75cea73e494d8675ec49,58a943eb1756fc834d9058a8,merchant
cancelled,balance,Brussels Sprouts,58a914541756fc834d90559c,,2.01,2017-01-11,57cf75cea73e494d8675ec49,58a943eb1756fc834d9058a9,merchant
cancelled,balance,Movie,58a914541756fc834d90559c,,31.98,2016-12-02,57cf75cea73e494d8675ec49,58a943eb1756fc834d9058aa,merchant
cancelled,balance,Fast food,58a914541756fc834d90559c,,8,2016-11-16,57cf75cea73e494d8675ec49,58a943eb1756fc834d9058ab,merchant
cancelled,balance,Movie,58a914541756fc834d90559c,,39.06,2016-11-11,57cf75cea73e494d8675ec49,58a943eb1756fc834d9058ac,merchant
cancelled,balance,Coke,58a914541756fc834d90559c,,3.8,2016-12-10,57cf75cea73e494d8675ec49,58a943eb1756fc834d9058ad,merchant
cancelled,balance,Chips,58a914541756fc834d90559c,,2.36,2017-01-10,57cf75cea73e494d8675ec49,58a943eb1756fc834d9058ae,merchant
cancelled,balance,Cereal,58a914541756fc834d90559c,,3.27,2017-01-19,57cf75cea73e494d8675ec49,58a943eb1756fc834d9058af,merchant
cancelled,balance,Shirts,58a914541756fc834d90559c,,10.26,2016-12-10,57cf75cea73e494d8675ec49,58a943eb1756fc834d9058b0,merchant
cancelled,balance,Jewelry,58a914541756fc834d90559c,,51.84,2016-11-17,57cf75cea73e494d8675ec49,58a943eb1756fc834d9058b1,merchant
cancelled,balance,Car Wash,58a914541756fc834d90559c,,36.76,2016-12-04,57cf75cea73e494d8675ec49,58a943eb1756fc834d9058b2,merchant
cancelled,balance,Carrots,58a914541756fc834d90559c,,4.76,2017-01-04,57cf75cea73e494d8675ec49,58a943eb1756fc834d9058b3,merchant
cancelled,balance,Skittles,58a914541756fc834d90559c,,4.89,2017-01-18,57cf75cea73e494d8675ec49,58a943eb1756fc834d9058b4,merchant
cancelled,balance,Cheetos,58a914541756fc834d90559c,,3.88,2016-11-09,57cf75cea73e494d8675ec49,58a943ec1756fc834d9058b5,merchant
cancelled,balance,Tomatoes,58a914541756fc834d90559c,,3.26,2017-02-12,57cf75cea73e494d8675ec49,58a944451756fc834d9058b6,merchant
cancelled,balance,Rent,58a914541756fc834d90559c,,349.58,2017-02-08,57cf75cea73e494d8675ec49,58a944461756fc834d9058b7,merchant
cancelled,balance,Ritz,58a914541756fc834d90559c,,3.29,2017-02-10,57cf75cea73e494d8675ec49,58a944461756fc834d9058b8,merchant
cancelled,balance,Shirts,58a914541756fc834d90559c,,14.66,2017-02-05,57cf75cea73e494d8675ec49,58a944461756fc834d9058b9,merchant
cancelled,balance,Jewelry,58a914541756fc834d90559c,,43.24,2017-02-11,57cf75cea73e494d8675ec49,58a944461756fc834d9058ba,merchant
cancelled,balance,Cheetos,58a914541756fc834d90559c,,3.53,2017-02-10,57cf75cea73e494d8675ec49,58a944461756fc834d9058bb,merchant
cancelled,balance,Car repair,58a914541756fc834d90559c,,79.23,2017-02-14,57cf75cea73e494d8675ec49,58a944461756fc834d9058bc,merchant
cancelled,balance,House repair,58a914541756fc834d90559c,,53.75,2017-02-13,57cf75cea73e494d8675ec49,58a944461756fc834d9058bd,merchant
cancelled,balance,Gas,58a914541756fc834d90559c,,135.33,2017-02-14,57cf75cea73e494d8675ec49,58a944461756fc834d9058be,merchant
cancelled,balance,Car repair,58a914541756fc834d90559c,,53.22,2017-02-15,57cf75cea73e494d8675ec49,58a944461756fc834d9058bf,merchant
cancelled,balance,Formal dining,58a914541756fc834d90559c,,18.61,2017-02-09,57cf75cea73e494d8675ec49,58a944461756fc834d9058c0,merchant
cancelled,balance,Chips,58a914541756fc834d90559c,,4.27,2017-02-08,57cf75cea73e494d8675ec49,58a944461756fc834d9058c1,merchant
cancelled,balance,Donuts,58a914541756fc834d90559c,,2.3,2017-02-16,57cf75cea73e494d8675ec49,58a944461756fc834d9058c2,merchant
cancelled,balance,Fast food,58a914541756fc834d90559c,,9.33,2017-02-05,57cf75cea73e494d8675ec49,58a944461756fc834d9058c3,merchant
cancelled,balance,Cabbage,58a914541756fc834d90559c,,3.67,2017-02-03,57cf75cea73e494d8675ec49,58a944461756fc834d9058c4,merchant
cancelled,balance,Fast food,58a914541756fc834d90559c,,8.31,2017-02-11,57cf75cea73e494d8675ec49,58a944471756fc834d9058c5,merchant
cancelled,balance,Heating,58a914541756fc834d90559c,,101.09,2017-02-05,57cf75cea73e494d8675ec49,58a944471756fc834d9058c6,merchant
cancelled,balance,Ice Cream,58a914541756fc834d90559c,,3.05,2017-02-08,57cf75cea73e494d8675ec49,58a944471756fc834d9058c7,merchant
cancelled,balance,Car repair,58a914541756fc834d90559c,,61.37,2017-02-02,57cf75cea73e494d8675ec49,58a944471756fc834d9058c8,merchant
cancelled,balance,Granola Bar,58a914541756fc834d90559c,,2.27,2017-02-10,57cf75cea73e494d8675ec49,58a944471756fc834d9058c9,merchant
cancelled,balance,Pork,58a914541756fc834d90559c,,3.49,2017-02-06,57cf75cea73e494d8675ec49,58a944471756fc834d9058ca,merchant
cancelled,balance,Shirts,58a914541756fc834d90559c,,7.04,2017-02-04,57cf75cea73e494d8675ec49,58a944471756fc834d9058cb,merchant
cancelled,balance,Cereal,58a914541756fc834d90559c,,3.43,2017-02-13,57cf75cea73e494d8675ec49,58a944471756fc834d9058cc,merchant
cancelled,balance,Water,58a914541756fc834d90559c,,139.16,2017-02-01,57cf75cea73e494d8675ec49,58a944471756fc834d9058cd,merchant
cancelled,balance,Skittles,58a914541756fc834d90559c,,2.69,2017-02-06,57cf75cea73e494d8675ec49,58a944471756fc834d9058ce,merchant
cancelled,balance,Electricity,58a914541756fc834d90559c,,110.96,2017-02-04,57cf75cea73e494d8675ec49,58a944471756fc834d9058cf,merchant
cancelled,balance,Jewelry,58a914541756fc834d90559c,,47.14,2017-02-14,57cf75cea73e494d8675ec49,58a944471756fc834d9058d0,merchant
cancelled,balance,Sprite,58a914541756fc834d90559c,,2.07,2017-02-08,57cf75cea73e494d8675ec49,58a944471756fc834d9058d1,merchant
cancelled,balance,Videogames,58a914541756fc834d90559c,,49.45,2017-02-06,57cf75cea73e494d8675ec49,58a944481756fc834d9058d2,merchant
cancelled,balance,Underwear,58a914541756fc834d90559c,,7.91,2017-02-04,57cf75cea73e494d8675ec49,58a944481756fc834d9058d3,merchant
cancelled,balance,Skittles,58a914541756fc834d90559c,,3.15,2017-02-16,57cf75cea73e494d8675ec49,58a944481756fc834d9058d4,merchant
cancelled,balance,Lettuce,58a914541756fc834d90559c,,2.88,2017-02-12,57cf75cea73e494d8675ec49,58a944481756fc834d9058d5,merchant
cancelled,balance,Movie,58a914541756fc834d90559c,,20.33,2017-02-04,57cf75cea73e494d8675ec49,58a944481756fc834d9058d6,merchant
cancelled,balance,Chips,58a914541756fc834d90559c,,2.58,2017-02-16,57cf75cea73e494d8675ec49,58a944481756fc834d9058d7,merchant
cancelled,balance,Oreos,58a914541756fc834d90559c,,4.6,2017-02-16,57cf75cea73e494d8675ec49,58a944481756fc834d9058d8,merchant
cancelled,balance,Underwear,58a914541756fc834d90559c,,11.3,2017-02-14,57cf75cea73e494d8675ec49,58a944481756fc834d9058d9,merchant
cancelled,balance,Asparagus,58a914541756fc834d90559c,,4.47,2017-02-16,57cf75cea73e494d8675ec49,58a944481756fc834d9058da,merchant
cancelled,balance,Donuts,58a914541756fc834d90559c,,3.7,2017-02-11,57cf75cea73e494d8675ec49,58a944481756fc834d9058db,merchant
cancelled,balance,Cheese Stick,58a914541756fc834d90559c,,4.88,2017-02-09,57cf75cea73e494d8675ec49,58a944481756fc834d9058dc,merchant
cancelled,balance,Movie,58a914541756fc834d90559c,,34.41,2017-02-08,57cf75cea73e494d8675ec49,58a944481756fc834d9058dd,merchant
cancelled,balance,Underwear,58a914541756fc834d90559c,,6.49,2017-02-05,57cf75cea73e494d8675ec49,58a944481756fc834d9058de,merchant
cancelled,balance,Jewelry,58a914541756fc834d90559c,,49.55,2017-02-07,57cf75cea73e494d8675ec49,58a944481756fc834d9058df,merchant
cancelled,balance,Rice Krispies,58a914541756fc834d90559c,,4.75,2017-02-02,57cf75cea73e494d8675ec49,58a944481756fc834d9058e0,merchant
cancelled,balance,Formal dining,58a914541756fc834d90559c,,19.87,2017-02-01,57cf75cea73e494d8675ec49,58a944491756fc834d9058e1,merchant
cancelled,balance,Movie,58a914541756fc834d90559c,,23.73,2017-02-09,57cf75cea73e494d8675ec49,58a944491756fc834d9058e2,merchant
cancelled,balance,Pants,58a914541756fc834d90559c,,9.32,2017-02-09,57cf75cea73e494d8675ec49,58a944491756fc834d9058e3,merchant
cancelled,balance,Beef,58a914541756fc834d90559c,,2.13,2017-02-10,57cf75cea73e494d8675ec49,58a944491756fc834d9058e4,merchant
cancelled,balance,Videogames,58a914541756fc834d90559c,,59.57,2017-02-06,57cf75cea73e494d8675ec49,58a944491756fc834d9058e5,merchant
cancelled,balance,Car Wash,58a914541756fc834d90559c,,31.03,2017-02-03,57cf75cea73e494d8675ec49,58a944491756fc834d9058e6,merchant
cancelled,balance,Car repair,58a914541756fc834d90559c,,64.94,2017-02-02,57cf75cea73e494d8675ec49,58a944491756fc834d9058e7,merchant
cancelled,balance,Car repair,58a914541756fc834d90559c,,72.63,2017-02-09,57cf75cea73e494d8675ec49,58a944491756fc834d9058e8,merchant
cancelled,balance,Ice Cream,58a914541756fc834d90559c,,4.33,2017-02-03,57cf75cea73e494d8675ec49,58a944491756fc834d9058e9,merchant
cancelled,balance,Fast food,58a914541756fc834d90559c,,6.39,2017-02-05,57cf75cea73e494d8675ec49,58a944491756fc834d9058ea,merchant
cancelled,balance,Car repair,58a914541756fc834d90559c,,68.78,2017-02-16,57cf75cea73e494d8675ec49,58a944491756fc834d9058eb,merchant
cancelled,balance,Detergent,58a914541756fc834d90559c,,8.92,2017-02-12,57cf75cea73e494d8675ec49,58a944491756fc834d9058ec,merchant
cancelled,balance,Cheez - Its,58a914541756fc834d90559c,,2.86,2017-02-11,57cf75cea73e494d8675ec49,58a944491756fc834d9058ed,merchant
cancelled,balance,Videogames,58a914541756fc834d90559c,,57.82,2017-02-08,57cf75cea73e494d8675ec49,58a944491756fc834d9058ee,merchant
cancelled,balance,Cereal,58a914541756fc834d90559c,,4.23,2017-02-16,57cf75cea73e494d8675ec49,58a944491756fc834d9058ef,merchant
cancelled,balance,House repair,58a914541756fc834d90559c,,58.09,2017-02-04,57cf75cea73e494d8675ec49,58a9444a1756fc834d9058f0,merchant
cancelled,balance,House repair,58a914541756fc834d90559c,,71.92,2017-02-02,57cf75cea73e494d8675ec49,58a9444a1756fc834d9058f1,merchant
cancelled,balance,Shirts,58a914541756fc834d90559c,,5.17,2017-02-17,57cf75cea73e494d8675ec49,58a9444a1756fc834d9058f2,merchant
cancelled,balance,Celery,58a914541756fc834d90559c,,2.99,2017-02-12,57cf75cea73e494d8675ec49,58a9444a1756fc834d9058f3,merchant
cancelled,balance,Detergent,58a914541756fc834d90559c,,11.99,2017-02-03,57cf75cea73e494d8675ec49,58a9444a1756fc834d9058f4,merchant
cancelled,balance,Goldfish,58a914541756fc834d90559c,,2.3,2017-02-02,57cf75cea73e494d8675ec49,58a9444a1756fc834d9058f5,merchant
cancelled,balance,Oreos,58a914541756fc834d90559c,,3.31,2017-02-16,57cf75cea73e494d8675ec49,58a9444a1756fc834d9058f6,merchant
cancelled,balance,Formal dining,58a914541756fc834d90559c,,16.46,2017-02-14,57cf75cea73e494d8675ec49,58a9444a1756fc834d9058f7,merchant
cancelled,balance,House repair,58a914541756fc834d90559c,,71.3,2017-02-10,57cf75cea73e494d8675ec49,58a9444a1756fc834d9058f8,merchant
cancelled,balance,Car Wash,58a914541756fc834d90559c,,23.38,2017-02-06,57cf75cea73e494d8675ec49,58a9444a1756fc834d9058f9,merchant
cancelled,balance,Jewelry,58a914541756fc834d90559c,,41.44,2017-02-05,57cf75cea73e494d8675ec49,58a9444a1756fc834d9058fa,merchant
cancelled,balance,Pants,58a914541756fc834d90559c,,13.43,2017-02-16,57cf75cea73e494d8675ec49,58a9444a1756fc834d9058fb,merchant
cancelled,balance,Formal dining,58a914541756fc834d90559c,,18.22,2017-02-11,57cf75cea73e494d8675ec49,58a9444a1756fc834d9058fc,merchant
cancelled,balance,Formal dining,58a914541756fc834d90559c,,15.99,2017-02-03,57cf75cea73e494d8675ec49,58a9444a1756fc834d9058fd,merchant
cancelled,balance,Oreos,58a914541756fc834d90559c,,4.98,2017-02-01,57cf75cea73e494d8675ec49,58a9444a1756fc834d9058fe,merchant
cancelled,balance,Donuts,58a914541756fc834d90559c,,2.16,2017-02-17,57cf75cea73e494d8675ec49,58a9444b1756fc834d9058ff,merchant
cancelled,balance,House repair,58a914541756fc834d90559c,,79.33,2017-02-01,57cf75cea73e494d8675ec49,58a9444b1756fc834d905900,merchant
cancelled,balance,Car repair,58a914541756fc834d90559c,,71.38,2017-02-04,57cf75cea73e494d8675ec49,58a9444b1756fc834d905901,merchant
cancelled,balance,Movie,58a914541756fc834d90559c,,38.78,2017-02-12,57cf75cea73e494d8675ec49,58a9444b1756fc834d905902,merchant
cancelled,balance,Carrots,58a914541756fc834d90559c,,3.95,2017-02-10,57cf75cea73e494d8675ec49,58a9444b1756fc834d905903,merchant
cancelled,balance,Detergent,58a914541756fc834d90559c,,14.57,2017-02-02,57cf75cea73e494d8675ec49,58a9444b1756fc834d905904,merchant
cancelled,balance,Formal dining,58a914541756fc834d90559c,,15.7,2017-02-06,57cf75cea73e494d8675ec49,58a9444b1756fc834d905905,merchant
cancelled,balance,Underwear,58a914541756fc834d90559c,,11.64,2017-02-11,57cf75cea73e494d8675ec49,58a9444b1756fc834d905906,merchant
cancelled,balance,Car repair,58a914541756fc834d90559c,,54.27,2017-02-05,57cf75cea73e494d8675ec49,58a9444b1756fc834d905907,merchant
cancelled,balance,Milk,58a914541756fc834d90559c,,2.65,2017-02-13,57cf75cea73e494d8675ec49,58a9444b1756fc834d905908,merchant
cancelled,balance,Juice,58a914541756fc834d90559c,,4.92,2017-02-03,57cf75cea73e494d8675ec49,58a9444b1756fc834d905909,merchant
cancelled,balance,Fast food,58a914541756fc834d90559c,,6.39,2017-02-14,57cf75cea73e494d8675ec49,58a9444b1756fc834d90590a,merchant
cancelled,balance,Sprite,58a914541756fc834d90559c,,2.12,2017-02-05,57cf75cea73e494d8675ec49,58a9444b1756fc834d90590b,merchant
cancelled,balance,Shirts,58a914541756fc834d90559c,,12.14,2017-02-05,57cf75cea73e494d8675ec49,58a9444b1756fc834d90590c,merchant
cancelled,balance,Tanning,58a914541756fc834d90559c,,21.08,2017-02-12,57cf75cea73e494d8675ec49,58a9444b1756fc834d90590d,merchant
cancelled,balance,Cheez - Its,58a914541756fc834d90559c,,3.23,2017-02-02,57cf75cea73e494d8675ec49,58a9444c1756fc834d90590e,merchant
cancelled,balance,Videogames,58a914541756fc834d90559c,,51.71,2017-02-06,57cf75cea73e494d8675ec49,58a9444c1756fc834d90590f,merchant
cancelled,balance,Videogames,58a914541756fc834d90559c,,58.86,2017-02-03,57cf75cea73e494d8675ec49,58a9444c1756fc834d905910,merchant
cancelled,balance,Formal dining,58a914541756fc834d90559c,,15.18,2017-02-03,57cf75cea73e494d8675ec49,58a9444c1756fc834d905911,merchant
cancelled,balance,Tomatoes,58a914541756fc834d90559c,,2.29,2017-02-17,57cf75cea73e494d8675ec49,58a9444c1756fc834d905912,merchant
cancelled,balance,Skittles,58a914541756fc834d90559c,,2.23,2017-02-06,57cf75cea73e494d8675ec49,58a9444c1756fc834d905913,merchant
cancelled,balance,Carrots,58a914541756fc834d90559c,,4.3,2017-02-12,57cf75cea73e494d8675ec49,58a9444c1756fc834d905914,merchant
cancelled,balance,Jewelry,58a914541756fc834d90559c,,48.8,2017-02-01,57cf75cea73e494d8675ec49,58a9444c1756fc834d905915,merchant
cancelled,balance,Apples,58a914541756fc834d90559c,,3.75,2017-02-03,57cf75cea73e494d8675ec49,58a9444c1756fc834d905916,merchant
cancelled,balance,Celery,58a914541756fc834d90559c,,3.39,2017-02-15,57cf75cea73e494d8675ec49,58a9444c1756fc834d905917,merchant
cancelled,balance,Underwear,58a914541756fc834d90559c,,8.81,2017-02-17,57cf75cea73e494d8675ec49,58a9444c1756fc834d905918,merchant
cancelled,balance,Movie,58a914541756fc834d90559c,,32.25,2017-02-13,57cf75cea73e494d8675ec49,58a9444c1756fc834d905919,merchant
cancelled,balance,Oranges,58a914541756fc834d90559c,,3.16,2017-02-08,57cf75cea73e494d8675ec49,58a9444c1756fc834d90591a,merchant
cancelled,balance,Videogames,58a914541756fc834d90559c,,45.84,2017-02-09,57cf75cea73e494d8675ec49,58a9444c1756fc834d90591b,merchant
cancelled,balance,Cookies,58a914541756fc834d90559c,,2.79,2017-02-17,57cf75cea73e494d8675ec49,58a9444c1756fc834d90591c,merchant
cancelled,balance,Jewelry,58a914541756fc834d90559c,,58.58,2017-02-13,57cf75cea73e494d8675ec49,58a9444d1756fc834d90591d,merchant
cancelled,balance,Fast food,58a914541756fc834d90559c,,6.89,2017-02-17,57cf75cea73e494d8675ec49,58a9444d1756fc834d90591e,merchant
cancelled,balance,Fast food,58a914541756fc834d90559c,,6.41,2017-02-07,57cf75cea73e494d8675ec49,58a9444d1756fc834d90591f,merchant
cancelled,balance,Formal dining,58a914541756fc834d90559c,,18.88,2017-02-12,57cf75cea73e494d8675ec49,58a9444d1756fc834d905920,merchant
cancelled,balance,Peas,58a914541756fc834d90559c,,3.29,2017-02-03,57cf75cea73e494d8675ec49,58a9444d1756fc834d905921,merchant
cancelled,balance,Pants,58a914541756fc834d90559c,,12.45,2017-02-09,57cf75cea73e494d8675ec49,58a9444d1756fc834d905922,merchant
cancelled,balance,Videogames,58a914541756fc834d90559c,,50.53,2017-02-01,57cf75cea73e494d8675ec49,58a9444d1756fc834d905923,merchant
cancelled,balance,Underwear,58a914541756fc834d90559c,,13.84,2017-02-02,57cf75cea73e494d8675ec49,58a9444d1756fc834d905924,merchant
cancelled,balance,Pants,58a914541756fc834d90559c,,14.31,2017-02-14,57cf75cea73e494d8675ec49,58a9444d1756fc834d905925,merchant
cancelled,balance,Pants,58a914541756fc834d90559c,,6.03,2017-02-03,57cf75cea73e494d8675ec49,58a9444d1756fc834d905926,merchant
cancelled,balance,Underwear,58a914541756fc834d90559c,,10.63,2017-02-03,57cf75cea73e494d8675ec49,58a9444d1756fc834d905927,merchant
cancelled,balance,House repair,58a914541756fc834d90559c,,58.45,2017-02-07,57cf75cea73e494d8675ec49,58a9444d1756fc834d905928,merchant
cancelled,balance,Shirts,58a914541756fc834d90559c,,10.93,2017-02-05,57cf75cea73e494d8675ec49,58a9444d1756fc834d905929,merchant
cancelled,balance,Brussels Sprouts,58a914541756fc834d90559c,,2.09,2017-02-16,57cf75cea73e494d8675ec49,58a9444e1756fc834d90592a,merchant
cancelled,balance,Formal dining,58a914541756fc834d90559c,,18.35,2017-02-15,57cf75cea73e494d8675ec49,58a9444e1756fc834d90592b,merchant
cancelled,balance,Underwear,58a914541756fc834d90559c,,12.56,2017-02-12,57cf75cea73e494d8675ec49,58a9444e1756fc834d90592c,merchant
cancelled,balance,Car Wash,58a914541756fc834d90559c,,26.12,2017-02-12,57cf75cea73e494d8675ec49,58a9444e1756fc834d90592d,merchant
cancelled,balance,Tomatoes,58a914541756fc834d90559c,,2.13,2017-02-13,57cf75cea73e494d8675ec49,58a9444e1756fc834d90592e,merchant
cancelled,balance,Shirts,58a914541756fc834d90559c,,10.89,2017-02-12,57cf75cea73e494d8675ec49,58a9444e1756fc834d90592f,merchant
cancelled,balance,Car repair,58a914541756fc834d90559c,,78.45,2017-02-06,57cf75cea73e494d8675ec49,58a9444e1756fc834d905930,merchant
